# DogCatRain_LuckyPawDrop
mtllib WorldEventMaterials.mtl
v 0.780000 0.000000 -0.080000
v 0.770397 0.122019 -0.080000
v 0.741824 0.241033 -0.080000
v 0.694985 0.354113 -0.080000
v 0.631033 0.458472 -0.080000
v 0.551543 0.551543 -0.080000
v 0.458472 0.631033 -0.080000
v 0.354113 0.694985 -0.080000
v 0.241033 0.741824 -0.080000
v 0.122019 0.770397 -0.080000
v 0.000000 0.780000 -0.080000
v -0.122019 0.770397 -0.080000
v -0.241033 0.741824 -0.080000
v -0.354113 0.694985 -0.080000
v -0.458472 0.631033 -0.080000
v -0.551543 0.551543 -0.080000
v -0.631033 0.458472 -0.080000
v -0.694985 0.354113 -0.080000
v -0.741824 0.241033 -0.080000
v -0.770397 0.122019 -0.080000
v -0.780000 0.000000 -0.080000
v -0.770397 -0.122019 -0.080000
v -0.741824 -0.241033 -0.080000
v -0.694985 -0.354113 -0.080000
v -0.631033 -0.458472 -0.080000
v -0.551543 -0.551543 -0.080000
v -0.458472 -0.631033 -0.080000
v -0.354113 -0.694985 -0.080000
v -0.241033 -0.741824 -0.080000
v -0.122019 -0.770397 -0.080000
v -0.000000 -0.780000 -0.080000
v 0.122019 -0.770397 -0.080000
v 0.241033 -0.741824 -0.080000
v 0.354113 -0.694985 -0.080000
v 0.458472 -0.631033 -0.080000
v 0.551543 -0.551543 -0.080000
v 0.631033 -0.458472 -0.080000
v 0.694985 -0.354113 -0.080000
v 0.741824 -0.241033 -0.080000
v 0.770397 -0.122019 -0.080000
v 0.780000 0.000000 0.080000
v 0.770397 0.122019 0.080000
v 0.741824 0.241033 0.080000
v 0.694985 0.354113 0.080000
v 0.631033 0.458472 0.080000
v 0.551543 0.551543 0.080000
v 0.458472 0.631033 0.080000
v 0.354113 0.694985 0.080000
v 0.241033 0.741824 0.080000
v 0.122019 0.770397 0.080000
v 0.000000 0.780000 0.080000
v -0.122019 0.770397 0.080000
v -0.241033 0.741824 0.080000
v -0.354113 0.694985 0.080000
v -0.458472 0.631033 0.080000
v -0.551543 0.551543 0.080000
v -0.631033 0.458472 0.080000
v -0.694985 0.354113 0.080000
v -0.741824 0.241033 0.080000
v -0.770397 0.122019 0.080000
v -0.780000 0.000000 0.080000
v -0.770397 -0.122019 0.080000
v -0.741824 -0.241033 0.080000
v -0.694985 -0.354113 0.080000
v -0.631033 -0.458472 0.080000
v -0.551543 -0.551543 0.080000
v -0.458472 -0.631033 0.080000
v -0.354113 -0.694985 0.080000
v -0.241033 -0.741824 0.080000
v -0.122019 -0.770397 0.080000
v -0.000000 -0.780000 0.080000
v 0.122019 -0.770397 0.080000
v 0.241033 -0.741824 0.080000
v 0.354113 -0.694985 0.080000
v 0.458472 -0.631033 0.080000
v 0.551543 -0.551543 0.080000
v 0.631033 -0.458472 0.080000
v 0.694985 -0.354113 0.080000
v 0.741824 -0.241033 0.080000
v 0.770397 -0.122019 0.080000
v 0.000000 0.000000 -0.080000
v 0.000000 0.000000 0.080000
v 0.645000 0.000000 0.095000
v 0.631820 0.000000 0.115683
v 0.600000 0.000000 0.124250
v 0.568180 0.000000 0.115683
v 0.555000 0.000000 0.095000
v 0.568180 0.000000 0.074317
v 0.600000 0.000000 0.065750
v 0.631820 0.000000 0.074317
v 0.637059 0.100900 0.095000
v 0.624041 0.098838 0.115683
v 0.592613 0.093861 0.124250
v 0.561185 0.088883 0.115683
v 0.548167 0.086821 0.095000
v 0.561185 0.088883 0.074317
v 0.592613 0.093861 0.065750
v 0.624041 0.098838 0.074317
v 0.613431 0.199316 0.095000
v 0.600896 0.195243 0.115683
v 0.570634 0.185410 0.124250
v 0.540371 0.175577 0.115683
v 0.527836 0.171504 0.095000
v 0.540371 0.175577 0.074317
v 0.570634 0.185410 0.065750
v 0.600896 0.195243 0.074317
v 0.574699 0.292824 0.095000
v 0.562956 0.286840 0.115683
v 0.534604 0.272394 0.124250
v 0.506252 0.257948 0.115683
v 0.494509 0.251965 0.095000
v 0.506252 0.257948 0.074317
v 0.534604 0.272394 0.065750
v 0.562956 0.286840 0.074317
v 0.521816 0.379121 0.095000
v 0.511153 0.371374 0.115683
v 0.485410 0.352671 0.124250
v 0.459667 0.333968 0.115683
v 0.449004 0.326221 0.095000
v 0.459667 0.333968 0.074317
v 0.485410 0.352671 0.065750
v 0.511153 0.371374 0.074317
v 0.456084 0.456084 0.095000
v 0.446764 0.446764 0.115683
v 0.424264 0.424264 0.124250
v 0.401764 0.401764 0.115683
v 0.392444 0.392444 0.095000
v 0.401764 0.401764 0.074317
v 0.424264 0.424264 0.065750
v 0.446764 0.446764 0.074317
v 0.379121 0.521816 0.095000
v 0.371374 0.511153 0.115683
v 0.352671 0.485410 0.124250
v 0.333968 0.459667 0.115683
v 0.326221 0.449004 0.095000
v 0.333968 0.459667 0.074317
v 0.352671 0.485410 0.065750
v 0.371374 0.511153 0.074317
v 0.292824 0.574699 0.095000
v 0.286840 0.562956 0.115683
v 0.272394 0.534604 0.124250
v 0.257948 0.506252 0.115683
v 0.251965 0.494509 0.095000
v 0.257948 0.506252 0.074317
v 0.272394 0.534604 0.065750
v 0.286840 0.562956 0.074317
v 0.199316 0.613431 0.095000
v 0.195243 0.600896 0.115683
v 0.185410 0.570634 0.124250
v 0.175577 0.540371 0.115683
v 0.171504 0.527836 0.095000
v 0.175577 0.540371 0.074317
v 0.185410 0.570634 0.065750
v 0.195243 0.600896 0.074317
v 0.100900 0.637059 0.095000
v 0.098838 0.624041 0.115683
v 0.093861 0.592613 0.124250
v 0.088883 0.561185 0.115683
v 0.086821 0.548167 0.095000
v 0.088883 0.561185 0.074317
v 0.093861 0.592613 0.065750
v 0.098838 0.624041 0.074317
v 0.000000 0.645000 0.095000
v 0.000000 0.631820 0.115683
v 0.000000 0.600000 0.124250
v 0.000000 0.568180 0.115683
v 0.000000 0.555000 0.095000
v 0.000000 0.568180 0.074317
v 0.000000 0.600000 0.065750
v 0.000000 0.631820 0.074317
v -0.100900 0.637059 0.095000
v -0.098838 0.624041 0.115683
v -0.093861 0.592613 0.124250
v -0.088883 0.561185 0.115683
v -0.086821 0.548167 0.095000
v -0.088883 0.561185 0.074317
v -0.093861 0.592613 0.065750
v -0.098838 0.624041 0.074317
v -0.199316 0.613431 0.095000
v -0.195243 0.600896 0.115683
v -0.185410 0.570634 0.124250
v -0.175577 0.540371 0.115683
v -0.171504 0.527836 0.095000
v -0.175577 0.540371 0.074317
v -0.185410 0.570634 0.065750
v -0.195243 0.600896 0.074317
v -0.292824 0.574699 0.095000
v -0.286840 0.562956 0.115683
v -0.272394 0.534604 0.124250
v -0.257948 0.506252 0.115683
v -0.251965 0.494509 0.095000
v -0.257948 0.506252 0.074317
v -0.272394 0.534604 0.065750
v -0.286840 0.562956 0.074317
v -0.379121 0.521816 0.095000
v -0.371374 0.511153 0.115683
v -0.352671 0.485410 0.124250
v -0.333968 0.459667 0.115683
v -0.326221 0.449004 0.095000
v -0.333968 0.459667 0.074317
v -0.352671 0.485410 0.065750
v -0.371374 0.511153 0.074317
v -0.456084 0.456084 0.095000
v -0.446764 0.446764 0.115683
v -0.424264 0.424264 0.124250
v -0.401764 0.401764 0.115683
v -0.392444 0.392444 0.095000
v -0.401764 0.401764 0.074317
v -0.424264 0.424264 0.065750
v -0.446764 0.446764 0.074317
v -0.521816 0.379121 0.095000
v -0.511153 0.371374 0.115683
v -0.485410 0.352671 0.124250
v -0.459667 0.333968 0.115683
v -0.449004 0.326221 0.095000
v -0.459667 0.333968 0.074317
v -0.485410 0.352671 0.065750
v -0.511153 0.371374 0.074317
v -0.574699 0.292824 0.095000
v -0.562956 0.286840 0.115683
v -0.534604 0.272394 0.124250
v -0.506252 0.257948 0.115683
v -0.494509 0.251965 0.095000
v -0.506252 0.257948 0.074317
v -0.534604 0.272394 0.065750
v -0.562956 0.286840 0.074317
v -0.613431 0.199316 0.095000
v -0.600896 0.195243 0.115683
v -0.570634 0.185410 0.124250
v -0.540371 0.175577 0.115683
v -0.527836 0.171504 0.095000
v -0.540371 0.175577 0.074317
v -0.570634 0.185410 0.065750
v -0.600896 0.195243 0.074317
v -0.637059 0.100900 0.095000
v -0.624041 0.098838 0.115683
v -0.592613 0.093861 0.124250
v -0.561185 0.088883 0.115683
v -0.548167 0.086821 0.095000
v -0.561185 0.088883 0.074317
v -0.592613 0.093861 0.065750
v -0.624041 0.098838 0.074317
v -0.645000 0.000000 0.095000
v -0.631820 0.000000 0.115683
v -0.600000 0.000000 0.124250
v -0.568180 0.000000 0.115683
v -0.555000 0.000000 0.095000
v -0.568180 0.000000 0.074317
v -0.600000 0.000000 0.065750
v -0.631820 0.000000 0.074317
v -0.637059 -0.100900 0.095000
v -0.624041 -0.098838 0.115683
v -0.592613 -0.093861 0.124250
v -0.561185 -0.088883 0.115683
v -0.548167 -0.086821 0.095000
v -0.561185 -0.088883 0.074317
v -0.592613 -0.093861 0.065750
v -0.624041 -0.098838 0.074317
v -0.613431 -0.199316 0.095000
v -0.600896 -0.195243 0.115683
v -0.570634 -0.185410 0.124250
v -0.540371 -0.175577 0.115683
v -0.527836 -0.171504 0.095000
v -0.540371 -0.175577 0.074317
v -0.570634 -0.185410 0.065750
v -0.600896 -0.195243 0.074317
v -0.574699 -0.292824 0.095000
v -0.562956 -0.286840 0.115683
v -0.534604 -0.272394 0.124250
v -0.506252 -0.257948 0.115683
v -0.494509 -0.251965 0.095000
v -0.506252 -0.257948 0.074317
v -0.534604 -0.272394 0.065750
v -0.562956 -0.286840 0.074317
v -0.521816 -0.379121 0.095000
v -0.511153 -0.371374 0.115683
v -0.485410 -0.352671 0.124250
v -0.459667 -0.333968 0.115683
v -0.449004 -0.326221 0.095000
v -0.459667 -0.333968 0.074317
v -0.485410 -0.352671 0.065750
v -0.511153 -0.371374 0.074317
v -0.456084 -0.456084 0.095000
v -0.446764 -0.446764 0.115683
v -0.424264 -0.424264 0.124250
v -0.401764 -0.401764 0.115683
v -0.392444 -0.392444 0.095000
v -0.401764 -0.401764 0.074317
v -0.424264 -0.424264 0.065750
v -0.446764 -0.446764 0.074317
v -0.379121 -0.521816 0.095000
v -0.371374 -0.511153 0.115683
v -0.352671 -0.485410 0.124250
v -0.333968 -0.459667 0.115683
v -0.326221 -0.449004 0.095000
v -0.333968 -0.459667 0.074317
v -0.352671 -0.485410 0.065750
v -0.371374 -0.511153 0.074317
v -0.292824 -0.574699 0.095000
v -0.286840 -0.562956 0.115683
v -0.272394 -0.534604 0.124250
v -0.257948 -0.506252 0.115683
v -0.251965 -0.494509 0.095000
v -0.257948 -0.506252 0.074317
v -0.272394 -0.534604 0.065750
v -0.286840 -0.562956 0.074317
v -0.199316 -0.613431 0.095000
v -0.195243 -0.600896 0.115683
v -0.185410 -0.570634 0.124250
v -0.175577 -0.540371 0.115683
v -0.171504 -0.527836 0.095000
v -0.175577 -0.540371 0.074317
v -0.185410 -0.570634 0.065750
v -0.195243 -0.600896 0.074317
v -0.100900 -0.637059 0.095000
v -0.098838 -0.624041 0.115683
v -0.093861 -0.592613 0.124250
v -0.088883 -0.561185 0.115683
v -0.086821 -0.548167 0.095000
v -0.088883 -0.561185 0.074317
v -0.093861 -0.592613 0.065750
v -0.098838 -0.624041 0.074317
v -0.000000 -0.645000 0.095000
v -0.000000 -0.631820 0.115683
v -0.000000 -0.600000 0.124250
v -0.000000 -0.568180 0.115683
v -0.000000 -0.555000 0.095000
v -0.000000 -0.568180 0.074317
v -0.000000 -0.600000 0.065750
v -0.000000 -0.631820 0.074317
v 0.100900 -0.637059 0.095000
v 0.098838 -0.624041 0.115683
v 0.093861 -0.592613 0.124250
v 0.088883 -0.561185 0.115683
v 0.086821 -0.548167 0.095000
v 0.088883 -0.561185 0.074317
v 0.093861 -0.592613 0.065750
v 0.098838 -0.624041 0.074317
v 0.199316 -0.613431 0.095000
v 0.195243 -0.600896 0.115683
v 0.185410 -0.570634 0.124250
v 0.175577 -0.540371 0.115683
v 0.171504 -0.527836 0.095000
v 0.175577 -0.540371 0.074317
v 0.185410 -0.570634 0.065750
v 0.195243 -0.600896 0.074317
v 0.292824 -0.574699 0.095000
v 0.286840 -0.562956 0.115683
v 0.272394 -0.534604 0.124250
v 0.257948 -0.506252 0.115683
v 0.251965 -0.494509 0.095000
v 0.257948 -0.506252 0.074317
v 0.272394 -0.534604 0.065750
v 0.286840 -0.562956 0.074317
v 0.379121 -0.521816 0.095000
v 0.371374 -0.511153 0.115683
v 0.352671 -0.485410 0.124250
v 0.333968 -0.459667 0.115683
v 0.326221 -0.449004 0.095000
v 0.333968 -0.459667 0.074317
v 0.352671 -0.485410 0.065750
v 0.371374 -0.511153 0.074317
v 0.456084 -0.456084 0.095000
v 0.446764 -0.446764 0.115683
v 0.424264 -0.424264 0.124250
v 0.401764 -0.401764 0.115683
v 0.392444 -0.392444 0.095000
v 0.401764 -0.401764 0.074317
v 0.424264 -0.424264 0.065750
v 0.446764 -0.446764 0.074317
v 0.521816 -0.379121 0.095000
v 0.511153 -0.371374 0.115683
v 0.485410 -0.352671 0.124250
v 0.459667 -0.333968 0.115683
v 0.449004 -0.326221 0.095000
v 0.459667 -0.333968 0.074317
v 0.485410 -0.352671 0.065750
v 0.511153 -0.371374 0.074317
v 0.574699 -0.292824 0.095000
v 0.562956 -0.286840 0.115683
v 0.534604 -0.272394 0.124250
v 0.506252 -0.257948 0.115683
v 0.494509 -0.251965 0.095000
v 0.506252 -0.257948 0.074317
v 0.534604 -0.272394 0.065750
v 0.562956 -0.286840 0.074317
v 0.613431 -0.199316 0.095000
v 0.600896 -0.195243 0.115683
v 0.570634 -0.185410 0.124250
v 0.540371 -0.175577 0.115683
v 0.527836 -0.171504 0.095000
v 0.540371 -0.175577 0.074317
v 0.570634 -0.185410 0.065750
v 0.600896 -0.195243 0.074317
v 0.637059 -0.100900 0.095000
v 0.624041 -0.098838 0.115683
v 0.592613 -0.093861 0.124250
v 0.561185 -0.088883 0.115683
v 0.548167 -0.086821 0.095000
v 0.561185 -0.088883 0.074317
v 0.592613 -0.093861 0.065750
v 0.624041 -0.098838 0.074317
v 0.520000 0.000000 0.080500
v 0.510008 0.101447 0.080500
v 0.480417 0.198995 0.080500
v 0.432364 0.288897 0.080500
v 0.367696 0.367696 0.080500
v 0.288897 0.432364 0.080500
v 0.198995 0.480417 0.080500
v 0.101447 0.510008 0.080500
v 0.000000 0.520000 0.080500
v -0.101447 0.510008 0.080500
v -0.198995 0.480417 0.080500
v -0.288897 0.432364 0.080500
v -0.367696 0.367696 0.080500
v -0.432364 0.288897 0.080500
v -0.480417 0.198995 0.080500
v -0.510008 0.101447 0.080500
v -0.520000 0.000000 0.080500
v -0.510008 -0.101447 0.080500
v -0.480417 -0.198995 0.080500
v -0.432364 -0.288897 0.080500
v -0.367696 -0.367696 0.080500
v -0.288897 -0.432364 0.080500
v -0.198995 -0.480417 0.080500
v -0.101447 -0.510008 0.080500
v -0.000000 -0.520000 0.080500
v 0.101447 -0.510008 0.080500
v 0.198995 -0.480417 0.080500
v 0.288897 -0.432364 0.080500
v 0.367696 -0.367696 0.080500
v 0.432364 -0.288897 0.080500
v 0.480417 -0.198995 0.080500
v 0.510008 -0.101447 0.080500
v 0.520000 0.000000 0.115500
v 0.510008 0.101447 0.115500
v 0.480417 0.198995 0.115500
v 0.432364 0.288897 0.115500
v 0.367696 0.367696 0.115500
v 0.288897 0.432364 0.115500
v 0.198995 0.480417 0.115500
v 0.101447 0.510008 0.115500
v 0.000000 0.520000 0.115500
v -0.101447 0.510008 0.115500
v -0.198995 0.480417 0.115500
v -0.288897 0.432364 0.115500
v -0.367696 0.367696 0.115500
v -0.432364 0.288897 0.115500
v -0.480417 0.198995 0.115500
v -0.510008 0.101447 0.115500
v -0.520000 0.000000 0.115500
v -0.510008 -0.101447 0.115500
v -0.480417 -0.198995 0.115500
v -0.432364 -0.288897 0.115500
v -0.367696 -0.367696 0.115500
v -0.288897 -0.432364 0.115500
v -0.198995 -0.480417 0.115500
v -0.101447 -0.510008 0.115500
v -0.000000 -0.520000 0.115500
v 0.101447 -0.510008 0.115500
v 0.198995 -0.480417 0.115500
v 0.288897 -0.432364 0.115500
v 0.367696 -0.367696 0.115500
v 0.432364 -0.288897 0.115500
v 0.480417 -0.198995 0.115500
v 0.510008 -0.101447 0.115500
v 0.000000 0.000000 0.080500
v 0.000000 0.000000 0.115500
v 0.000000 -0.100000 0.200000
v 0.074164 -0.100000 0.197308
v 0.069691 -0.068293 0.197308
v 0.056813 -0.040410 0.197308
v 0.037082 -0.019715 0.197308
v 0.012878 -0.008703 0.197308
v -0.012878 -0.008703 0.197308
v -0.037082 -0.019715 0.197308
v -0.056813 -0.040410 0.197308
v -0.069691 -0.068293 0.197308
v -0.074164 -0.100000 0.197308
v -0.069691 -0.131707 0.197308
v -0.056813 -0.159590 0.197308
v -0.037082 -0.180285 0.197308
v -0.012878 -0.191297 0.197308
v 0.012878 -0.191297 0.197308
v 0.037082 -0.180285 0.197308
v 0.056813 -0.159590 0.197308
v 0.069691 -0.131707 0.197308
v 0.141068 -0.100000 0.189496
v 0.132561 -0.039690 0.189496
v 0.108065 0.013346 0.189496
v 0.070534 0.052711 0.189496
v 0.024496 0.073657 0.189496
v -0.024496 0.073657 0.189496
v -0.070534 0.052711 0.189496
v -0.108065 0.013346 0.189496
v -0.132561 -0.039690 0.189496
v -0.141068 -0.100000 0.189496
v -0.132561 -0.160310 0.189496
v -0.108065 -0.213346 0.189496
v -0.070534 -0.252711 0.189496
v -0.024496 -0.273657 0.189496
v 0.024496 -0.273657 0.189496
v 0.070534 -0.252711 0.189496
v 0.108065 -0.213346 0.189496
v 0.132561 -0.160310 0.189496
v 0.194164 -0.100000 0.177328
v 0.182455 -0.016990 0.177328
v 0.148738 0.056008 0.177328
v 0.097082 0.110189 0.177328
v 0.033716 0.139018 0.177328
v -0.033716 0.139018 0.177328
v -0.097082 0.110189 0.177328
v -0.148738 0.056008 0.177328
v -0.182455 -0.016990 0.177328
v -0.194164 -0.100000 0.177328
v -0.182455 -0.183010 0.177328
v -0.148738 -0.256008 0.177328
v -0.097082 -0.310189 0.177328
v -0.033716 -0.339018 0.177328
v 0.033716 -0.339018 0.177328
v 0.097082 -0.310189 0.177328
v 0.148738 -0.256008 0.177328
v 0.182455 -0.183010 0.177328
v 0.228254 -0.100000 0.161996
v 0.214488 -0.002416 0.161996
v 0.174852 0.083398 0.161996
v 0.114127 0.147092 0.161996
v 0.039636 0.180982 0.161996
v -0.039636 0.180982 0.161996
v -0.114127 0.147092 0.161996
v -0.174852 0.083398 0.161996
v -0.214488 -0.002416 0.161996
v -0.228254 -0.100000 0.161996
v -0.214488 -0.197584 0.161996
v -0.174852 -0.283398 0.161996
v -0.114127 -0.347092 0.161996
v -0.039636 -0.380982 0.161996
v 0.039636 -0.380982 0.161996
v 0.114127 -0.347092 0.161996
v 0.174852 -0.283398 0.161996
v 0.214488 -0.197584 0.161996
v 0.240000 -0.100000 0.145000
v 0.225526 0.002606 0.145000
v 0.183851 0.092836 0.145000
v 0.120000 0.159808 0.145000
v 0.041676 0.195442 0.145000
v -0.041676 0.195442 0.145000
v -0.120000 0.159808 0.145000
v -0.183851 0.092836 0.145000
v -0.225526 0.002606 0.145000
v -0.240000 -0.100000 0.145000
v -0.225526 -0.202606 0.145000
v -0.183851 -0.292836 0.145000
v -0.120000 -0.359808 0.145000
v -0.041676 -0.395442 0.145000
v 0.041676 -0.395442 0.145000
v 0.120000 -0.359808 0.145000
v 0.183851 -0.292836 0.145000
v 0.225526 -0.202606 0.145000
v 0.228254 -0.100000 0.128004
v 0.214488 -0.002416 0.128004
v 0.174852 0.083398 0.128004
v 0.114127 0.147092 0.128004
v 0.039636 0.180982 0.128004
v -0.039636 0.180982 0.128004
v -0.114127 0.147092 0.128004
v -0.174852 0.083398 0.128004
v -0.214488 -0.002416 0.128004
v -0.228254 -0.100000 0.128004
v -0.214488 -0.197584 0.128004
v -0.174852 -0.283398 0.128004
v -0.114127 -0.347092 0.128004
v -0.039636 -0.380982 0.128004
v 0.039636 -0.380982 0.128004
v 0.114127 -0.347092 0.128004
v 0.174852 -0.283398 0.128004
v 0.214488 -0.197584 0.128004
v 0.194164 -0.100000 0.112672
v 0.182455 -0.016990 0.112672
v 0.148738 0.056008 0.112672
v 0.097082 0.110189 0.112672
v 0.033716 0.139018 0.112672
v -0.033716 0.139018 0.112672
v -0.097082 0.110189 0.112672
v -0.148738 0.056008 0.112672
v -0.182455 -0.016990 0.112672
v -0.194164 -0.100000 0.112672
v -0.182455 -0.183010 0.112672
v -0.148738 -0.256008 0.112672
v -0.097082 -0.310189 0.112672
v -0.033716 -0.339018 0.112672
v 0.033716 -0.339018 0.112672
v 0.097082 -0.310189 0.112672
v 0.148738 -0.256008 0.112672
v 0.182455 -0.183010 0.112672
v 0.141068 -0.100000 0.100504
v 0.132561 -0.039690 0.100504
v 0.108065 0.013346 0.100504
v 0.070534 0.052711 0.100504
v 0.024496 0.073657 0.100504
v -0.024496 0.073657 0.100504
v -0.070534 0.052711 0.100504
v -0.108065 0.013346 0.100504
v -0.132561 -0.039690 0.100504
v -0.141068 -0.100000 0.100504
v -0.132561 -0.160310 0.100504
v -0.108065 -0.213346 0.100504
v -0.070534 -0.252711 0.100504
v -0.024496 -0.273657 0.100504
v 0.024496 -0.273657 0.100504
v 0.070534 -0.252711 0.100504
v 0.108065 -0.213346 0.100504
v 0.132561 -0.160310 0.100504
v 0.074164 -0.100000 0.092692
v 0.069691 -0.068293 0.092692
v 0.056813 -0.040410 0.092692
v 0.037082 -0.019715 0.092692
v 0.012878 -0.008703 0.092692
v -0.012878 -0.008703 0.092692
v -0.037082 -0.019715 0.092692
v -0.056813 -0.040410 0.092692
v -0.069691 -0.068293 0.092692
v -0.074164 -0.100000 0.092692
v -0.069691 -0.131707 0.092692
v -0.056813 -0.159590 0.092692
v -0.037082 -0.180285 0.092692
v -0.012878 -0.191297 0.092692
v 0.012878 -0.191297 0.092692
v 0.037082 -0.180285 0.092692
v 0.056813 -0.159590 0.092692
v 0.069691 -0.131707 0.092692
v 0.000000 -0.100000 0.090000
v -0.280000 0.170000 0.195000
v -0.244463 0.170000 0.192553
v -0.246606 0.182154 0.192553
v -0.252777 0.192843 0.192553
v -0.262232 0.200776 0.192553
v -0.273829 0.204997 0.192553
v -0.286171 0.204997 0.192553
v -0.297768 0.200776 0.192553
v -0.307223 0.192843 0.192553
v -0.313394 0.182154 0.192553
v -0.315537 0.170000 0.192553
v -0.313394 0.157846 0.192553
v -0.307223 0.147157 0.192553
v -0.297768 0.139224 0.192553
v -0.286171 0.135003 0.192553
v -0.273829 0.135003 0.192553
v -0.262232 0.139224 0.192553
v -0.252777 0.147157 0.192553
v -0.246606 0.157846 0.192553
v -0.212405 0.170000 0.185451
v -0.216481 0.193119 0.185451
v -0.228219 0.213449 0.185451
v -0.246202 0.228539 0.185451
v -0.268262 0.236568 0.185451
v -0.291738 0.236568 0.185451
v -0.313798 0.228539 0.185451
v -0.331781 0.213449 0.185451
v -0.343519 0.193119 0.185451
v -0.347595 0.170000 0.185451
v -0.343519 0.146881 0.185451
v -0.331781 0.126551 0.185451
v -0.313798 0.111461 0.185451
v -0.291738 0.103432 0.185451
v -0.268262 0.103432 0.185451
v -0.246202 0.111461 0.185451
v -0.228219 0.126551 0.185451
v -0.216481 0.146881 0.185451
v -0.186963 0.170000 0.174389
v -0.192574 0.201821 0.174389
v -0.208730 0.229803 0.174389
v -0.233482 0.250572 0.174389
v -0.263844 0.261624 0.174389
v -0.296156 0.261624 0.174389
v -0.326518 0.250572 0.174389
v -0.351270 0.229803 0.174389
v -0.367426 0.201821 0.174389
v -0.373037 0.170000 0.174389
v -0.367426 0.138179 0.174389
v -0.351270 0.110197 0.174389
v -0.326518 0.089428 0.174389
v -0.296156 0.078376 0.174389
v -0.263844 0.078376 0.174389
v -0.233482 0.089428 0.174389
v -0.208730 0.110197 0.174389
v -0.192574 0.138179 0.174389
v -0.170629 0.170000 0.160451
v -0.177224 0.207407 0.160451
v -0.196217 0.240303 0.160451
v -0.225314 0.264718 0.160451
v -0.261008 0.277710 0.160451
v -0.298992 0.277710 0.160451
v -0.334686 0.264718 0.160451
v -0.363783 0.240303 0.160451
v -0.382776 0.207407 0.160451
v -0.389371 0.170000 0.160451
v -0.382776 0.132593 0.160451
v -0.363783 0.099697 0.160451
v -0.334686 0.075282 0.160451
v -0.298992 0.062290 0.160451
v -0.261008 0.062290 0.160451
v -0.225314 0.075282 0.160451
v -0.196217 0.099697 0.160451
v -0.177224 0.132593 0.160451
v -0.165000 0.170000 0.145000
v -0.171935 0.209332 0.145000
v -0.191905 0.243921 0.145000
v -0.222500 0.269593 0.145000
v -0.260030 0.283253 0.145000
v -0.299970 0.283253 0.145000
v -0.337500 0.269593 0.145000
v -0.368095 0.243921 0.145000
v -0.388065 0.209332 0.145000
v -0.395000 0.170000 0.145000
v -0.388065 0.130668 0.145000
v -0.368095 0.096079 0.145000
v -0.337500 0.070407 0.145000
v -0.299970 0.056747 0.145000
v -0.260030 0.056747 0.145000
v -0.222500 0.070407 0.145000
v -0.191905 0.096079 0.145000
v -0.171935 0.130668 0.145000
v -0.170629 0.170000 0.129549
v -0.177224 0.207407 0.129549
v -0.196217 0.240303 0.129549
v -0.225314 0.264718 0.129549
v -0.261008 0.277710 0.129549
v -0.298992 0.277710 0.129549
v -0.334686 0.264718 0.129549
v -0.363783 0.240303 0.129549
v -0.382776 0.207407 0.129549
v -0.389371 0.170000 0.129549
v -0.382776 0.132593 0.129549
v -0.363783 0.099697 0.129549
v -0.334686 0.075282 0.129549
v -0.298992 0.062290 0.129549
v -0.261008 0.062290 0.129549
v -0.225314 0.075282 0.129549
v -0.196217 0.099697 0.129549
v -0.177224 0.132593 0.129549
v -0.186963 0.170000 0.115611
v -0.192574 0.201821 0.115611
v -0.208730 0.229803 0.115611
v -0.233482 0.250572 0.115611
v -0.263844 0.261624 0.115611
v -0.296156 0.261624 0.115611
v -0.326518 0.250572 0.115611
v -0.351270 0.229803 0.115611
v -0.367426 0.201821 0.115611
v -0.373037 0.170000 0.115611
v -0.367426 0.138179 0.115611
v -0.351270 0.110197 0.115611
v -0.326518 0.089428 0.115611
v -0.296156 0.078376 0.115611
v -0.263844 0.078376 0.115611
v -0.233482 0.089428 0.115611
v -0.208730 0.110197 0.115611
v -0.192574 0.138179 0.115611
v -0.212405 0.170000 0.104549
v -0.216481 0.193119 0.104549
v -0.228219 0.213449 0.104549
v -0.246202 0.228539 0.104549
v -0.268262 0.236568 0.104549
v -0.291738 0.236568 0.104549
v -0.313798 0.228539 0.104549
v -0.331781 0.213449 0.104549
v -0.343519 0.193119 0.104549
v -0.347595 0.170000 0.104549
v -0.343519 0.146881 0.104549
v -0.331781 0.126551 0.104549
v -0.313798 0.111461 0.104549
v -0.291738 0.103432 0.104549
v -0.268262 0.103432 0.104549
v -0.246202 0.111461 0.104549
v -0.228219 0.126551 0.104549
v -0.216481 0.146881 0.104549
v -0.244463 0.170000 0.097447
v -0.246606 0.182154 0.097447
v -0.252777 0.192843 0.097447
v -0.262232 0.200776 0.097447
v -0.273829 0.204997 0.097447
v -0.286171 0.204997 0.097447
v -0.297768 0.200776 0.097447
v -0.307223 0.192843 0.097447
v -0.313394 0.182154 0.097447
v -0.315537 0.170000 0.097447
v -0.313394 0.157846 0.097447
v -0.307223 0.147157 0.097447
v -0.297768 0.139224 0.097447
v -0.286171 0.135003 0.097447
v -0.273829 0.135003 0.097447
v -0.262232 0.139224 0.097447
v -0.252777 0.147157 0.097447
v -0.246606 0.157846 0.097447
v -0.280000 0.170000 0.095000
v -0.100000 0.280000 0.195000
v -0.062918 0.280000 0.192553
v -0.065154 0.293740 0.192553
v -0.071594 0.305822 0.192553
v -0.081459 0.314790 0.192553
v -0.093561 0.319562 0.192553
v -0.106439 0.319562 0.192553
v -0.118541 0.314790 0.192553
v -0.128406 0.305822 0.192553
v -0.134846 0.293740 0.192553
v -0.137082 0.280000 0.192553
v -0.134846 0.266260 0.192553
v -0.128406 0.254178 0.192553
v -0.118541 0.245210 0.192553
v -0.106439 0.240438 0.192553
v -0.093561 0.240438 0.192553
v -0.081459 0.245210 0.192553
v -0.071594 0.254178 0.192553
v -0.065154 0.266260 0.192553
v -0.029466 0.280000 0.185451
v -0.033720 0.306134 0.185451
v -0.045968 0.329117 0.185451
v -0.064733 0.346175 0.185451
v -0.087752 0.355251 0.185451
v -0.112248 0.355251 0.185451
v -0.135267 0.346175 0.185451
v -0.154032 0.329117 0.185451
v -0.166280 0.306134 0.185451
v -0.170534 0.280000 0.185451
v -0.166280 0.253866 0.185451
v -0.154032 0.230883 0.185451
v -0.135267 0.213825 0.185451
v -0.112248 0.204749 0.185451
v -0.087752 0.204749 0.185451
v -0.064733 0.213825 0.185451
v -0.045968 0.230883 0.185451
v -0.033720 0.253866 0.185451
v -0.002918 0.280000 0.174389
v -0.008773 0.315971 0.174389
v -0.025631 0.347603 0.174389
v -0.051459 0.371082 0.174389
v -0.083142 0.383574 0.174389
v -0.116858 0.383574 0.174389
v -0.148541 0.371082 0.174389
v -0.174369 0.347603 0.174389
v -0.191227 0.315971 0.174389
v -0.197082 0.280000 0.174389
v -0.191227 0.244029 0.174389
v -0.174369 0.212397 0.174389
v -0.148541 0.188918 0.174389
v -0.116858 0.176426 0.174389
v -0.083142 0.176426 0.174389
v -0.051459 0.188918 0.174389
v -0.025631 0.212397 0.174389
v -0.008773 0.244029 0.174389
v 0.014127 0.280000 0.160451
v 0.007244 0.322286 0.160451
v -0.012574 0.359473 0.160451
v -0.042937 0.387073 0.160451
v -0.080182 0.401759 0.160451
v -0.119818 0.401759 0.160451
v -0.157063 0.387073 0.160451
v -0.187426 0.359473 0.160451
v -0.207244 0.322286 0.160451
v -0.214127 0.280000 0.160451
v -0.207244 0.237714 0.160451
v -0.187426 0.200527 0.160451
v -0.157063 0.172927 0.160451
v -0.119818 0.158241 0.160451
v -0.080182 0.158241 0.160451
v -0.042937 0.172927 0.160451
v -0.012574 0.200527 0.160451
v 0.007244 0.237714 0.160451
v 0.020000 0.280000 0.145000
v 0.012763 0.324463 0.145000
v -0.008075 0.363562 0.145000
v -0.040000 0.392583 0.145000
v -0.079162 0.408025 0.145000
v -0.120838 0.408025 0.145000
v -0.160000 0.392583 0.145000
v -0.191925 0.363562 0.145000
v -0.212763 0.324463 0.145000
v -0.220000 0.280000 0.145000
v -0.212763 0.235537 0.145000
v -0.191925 0.196438 0.145000
v -0.160000 0.167417 0.145000
v -0.120838 0.151975 0.145000
v -0.079162 0.151975 0.145000
v -0.040000 0.167417 0.145000
v -0.008075 0.196438 0.145000
v 0.012763 0.235537 0.145000
v 0.014127 0.280000 0.129549
v 0.007244 0.322286 0.129549
v -0.012574 0.359473 0.129549
v -0.042937 0.387073 0.129549
v -0.080182 0.401759 0.129549
v -0.119818 0.401759 0.129549
v -0.157063 0.387073 0.129549
v -0.187426 0.359473 0.129549
v -0.207244 0.322286 0.129549
v -0.214127 0.280000 0.129549
v -0.207244 0.237714 0.129549
v -0.187426 0.200527 0.129549
v -0.157063 0.172927 0.129549
v -0.119818 0.158241 0.129549
v -0.080182 0.158241 0.129549
v -0.042937 0.172927 0.129549
v -0.012574 0.200527 0.129549
v 0.007244 0.237714 0.129549
v -0.002918 0.280000 0.115611
v -0.008773 0.315971 0.115611
v -0.025631 0.347603 0.115611
v -0.051459 0.371082 0.115611
v -0.083142 0.383574 0.115611
v -0.116858 0.383574 0.115611
v -0.148541 0.371082 0.115611
v -0.174369 0.347603 0.115611
v -0.191227 0.315971 0.115611
v -0.197082 0.280000 0.115611
v -0.191227 0.244029 0.115611
v -0.174369 0.212397 0.115611
v -0.148541 0.188918 0.115611
v -0.116858 0.176426 0.115611
v -0.083142 0.176426 0.115611
v -0.051459 0.188918 0.115611
v -0.025631 0.212397 0.115611
v -0.008773 0.244029 0.115611
v -0.029466 0.280000 0.104549
v -0.033720 0.306134 0.104549
v -0.045968 0.329117 0.104549
v -0.064733 0.346175 0.104549
v -0.087752 0.355251 0.104549
v -0.112248 0.355251 0.104549
v -0.135267 0.346175 0.104549
v -0.154032 0.329117 0.104549
v -0.166280 0.306134 0.104549
v -0.170534 0.280000 0.104549
v -0.166280 0.253866 0.104549
v -0.154032 0.230883 0.104549
v -0.135267 0.213825 0.104549
v -0.112248 0.204749 0.104549
v -0.087752 0.204749 0.104549
v -0.064733 0.213825 0.104549
v -0.045968 0.230883 0.104549
v -0.033720 0.253866 0.104549
v -0.062918 0.280000 0.097447
v -0.065154 0.293740 0.097447
v -0.071594 0.305822 0.097447
v -0.081459 0.314790 0.097447
v -0.093561 0.319562 0.097447
v -0.106439 0.319562 0.097447
v -0.118541 0.314790 0.097447
v -0.128406 0.305822 0.097447
v -0.134846 0.293740 0.097447
v -0.137082 0.280000 0.097447
v -0.134846 0.266260 0.097447
v -0.128406 0.254178 0.097447
v -0.118541 0.245210 0.097447
v -0.106439 0.240438 0.097447
v -0.093561 0.240438 0.097447
v -0.081459 0.245210 0.097447
v -0.071594 0.254178 0.097447
v -0.065154 0.266260 0.097447
v -0.100000 0.280000 0.095000
v 0.100000 0.280000 0.195000
v 0.137082 0.280000 0.192553
v 0.134846 0.293740 0.192553
v 0.128406 0.305822 0.192553
v 0.118541 0.314790 0.192553
v 0.106439 0.319562 0.192553
v 0.093561 0.319562 0.192553
v 0.081459 0.314790 0.192553
v 0.071594 0.305822 0.192553
v 0.065154 0.293740 0.192553
v 0.062918 0.280000 0.192553
v 0.065154 0.266260 0.192553
v 0.071594 0.254178 0.192553
v 0.081459 0.245210 0.192553
v 0.093561 0.240438 0.192553
v 0.106439 0.240438 0.192553
v 0.118541 0.245210 0.192553
v 0.128406 0.254178 0.192553
v 0.134846 0.266260 0.192553
v 0.170534 0.280000 0.185451
v 0.166280 0.306134 0.185451
v 0.154032 0.329117 0.185451
v 0.135267 0.346175 0.185451
v 0.112248 0.355251 0.185451
v 0.087752 0.355251 0.185451
v 0.064733 0.346175 0.185451
v 0.045968 0.329117 0.185451
v 0.033720 0.306134 0.185451
v 0.029466 0.280000 0.185451
v 0.033720 0.253866 0.185451
v 0.045968 0.230883 0.185451
v 0.064733 0.213825 0.185451
v 0.087752 0.204749 0.185451
v 0.112248 0.204749 0.185451
v 0.135267 0.213825 0.185451
v 0.154032 0.230883 0.185451
v 0.166280 0.253866 0.185451
v 0.197082 0.280000 0.174389
v 0.191227 0.315971 0.174389
v 0.174369 0.347603 0.174389
v 0.148541 0.371082 0.174389
v 0.116858 0.383574 0.174389
v 0.083142 0.383574 0.174389
v 0.051459 0.371082 0.174389
v 0.025631 0.347603 0.174389
v 0.008773 0.315971 0.174389
v 0.002918 0.280000 0.174389
v 0.008773 0.244029 0.174389
v 0.025631 0.212397 0.174389
v 0.051459 0.188918 0.174389
v 0.083142 0.176426 0.174389
v 0.116858 0.176426 0.174389
v 0.148541 0.188918 0.174389
v 0.174369 0.212397 0.174389
v 0.191227 0.244029 0.174389
v 0.214127 0.280000 0.160451
v 0.207244 0.322286 0.160451
v 0.187426 0.359473 0.160451
v 0.157063 0.387073 0.160451
v 0.119818 0.401759 0.160451
v 0.080182 0.401759 0.160451
v 0.042937 0.387073 0.160451
v 0.012574 0.359473 0.160451
v -0.007244 0.322286 0.160451
v -0.014127 0.280000 0.160451
v -0.007244 0.237714 0.160451
v 0.012574 0.200527 0.160451
v 0.042937 0.172927 0.160451
v 0.080182 0.158241 0.160451
v 0.119818 0.158241 0.160451
v 0.157063 0.172927 0.160451
v 0.187426 0.200527 0.160451
v 0.207244 0.237714 0.160451
v 0.220000 0.280000 0.145000
v 0.212763 0.324463 0.145000
v 0.191925 0.363562 0.145000
v 0.160000 0.392583 0.145000
v 0.120838 0.408025 0.145000
v 0.079162 0.408025 0.145000
v 0.040000 0.392583 0.145000
v 0.008075 0.363562 0.145000
v -0.012763 0.324463 0.145000
v -0.020000 0.280000 0.145000
v -0.012763 0.235537 0.145000
v 0.008075 0.196438 0.145000
v 0.040000 0.167417 0.145000
v 0.079162 0.151975 0.145000
v 0.120838 0.151975 0.145000
v 0.160000 0.167417 0.145000
v 0.191925 0.196438 0.145000
v 0.212763 0.235537 0.145000
v 0.214127 0.280000 0.129549
v 0.207244 0.322286 0.129549
v 0.187426 0.359473 0.129549
v 0.157063 0.387073 0.129549
v 0.119818 0.401759 0.129549
v 0.080182 0.401759 0.129549
v 0.042937 0.387073 0.129549
v 0.012574 0.359473 0.129549
v -0.007244 0.322286 0.129549
v -0.014127 0.280000 0.129549
v -0.007244 0.237714 0.129549
v 0.012574 0.200527 0.129549
v 0.042937 0.172927 0.129549
v 0.080182 0.158241 0.129549
v 0.119818 0.158241 0.129549
v 0.157063 0.172927 0.129549
v 0.187426 0.200527 0.129549
v 0.207244 0.237714 0.129549
v 0.197082 0.280000 0.115611
v 0.191227 0.315971 0.115611
v 0.174369 0.347603 0.115611
v 0.148541 0.371082 0.115611
v 0.116858 0.383574 0.115611
v 0.083142 0.383574 0.115611
v 0.051459 0.371082 0.115611
v 0.025631 0.347603 0.115611
v 0.008773 0.315971 0.115611
v 0.002918 0.280000 0.115611
v 0.008773 0.244029 0.115611
v 0.025631 0.212397 0.115611
v 0.051459 0.188918 0.115611
v 0.083142 0.176426 0.115611
v 0.116858 0.176426 0.115611
v 0.148541 0.188918 0.115611
v 0.174369 0.212397 0.115611
v 0.191227 0.244029 0.115611
v 0.170534 0.280000 0.104549
v 0.166280 0.306134 0.104549
v 0.154032 0.329117 0.104549
v 0.135267 0.346175 0.104549
v 0.112248 0.355251 0.104549
v 0.087752 0.355251 0.104549
v 0.064733 0.346175 0.104549
v 0.045968 0.329117 0.104549
v 0.033720 0.306134 0.104549
v 0.029466 0.280000 0.104549
v 0.033720 0.253866 0.104549
v 0.045968 0.230883 0.104549
v 0.064733 0.213825 0.104549
v 0.087752 0.204749 0.104549
v 0.112248 0.204749 0.104549
v 0.135267 0.213825 0.104549
v 0.154032 0.230883 0.104549
v 0.166280 0.253866 0.104549
v 0.137082 0.280000 0.097447
v 0.134846 0.293740 0.097447
v 0.128406 0.305822 0.097447
v 0.118541 0.314790 0.097447
v 0.106439 0.319562 0.097447
v 0.093561 0.319562 0.097447
v 0.081459 0.314790 0.097447
v 0.071594 0.305822 0.097447
v 0.065154 0.293740 0.097447
v 0.062918 0.280000 0.097447
v 0.065154 0.266260 0.097447
v 0.071594 0.254178 0.097447
v 0.081459 0.245210 0.097447
v 0.093561 0.240438 0.097447
v 0.106439 0.240438 0.097447
v 0.118541 0.245210 0.097447
v 0.128406 0.254178 0.097447
v 0.134846 0.266260 0.097447
v 0.100000 0.280000 0.095000
v 0.280000 0.170000 0.195000
v 0.315537 0.170000 0.192553
v 0.313394 0.182154 0.192553
v 0.307223 0.192843 0.192553
v 0.297768 0.200776 0.192553
v 0.286171 0.204997 0.192553
v 0.273829 0.204997 0.192553
v 0.262232 0.200776 0.192553
v 0.252777 0.192843 0.192553
v 0.246606 0.182154 0.192553
v 0.244463 0.170000 0.192553
v 0.246606 0.157846 0.192553
v 0.252777 0.147157 0.192553
v 0.262232 0.139224 0.192553
v 0.273829 0.135003 0.192553
v 0.286171 0.135003 0.192553
v 0.297768 0.139224 0.192553
v 0.307223 0.147157 0.192553
v 0.313394 0.157846 0.192553
v 0.347595 0.170000 0.185451
v 0.343519 0.193119 0.185451
v 0.331781 0.213449 0.185451
v 0.313798 0.228539 0.185451
v 0.291738 0.236568 0.185451
v 0.268262 0.236568 0.185451
v 0.246202 0.228539 0.185451
v 0.228219 0.213449 0.185451
v 0.216481 0.193119 0.185451
v 0.212405 0.170000 0.185451
v 0.216481 0.146881 0.185451
v 0.228219 0.126551 0.185451
v 0.246202 0.111461 0.185451
v 0.268262 0.103432 0.185451
v 0.291738 0.103432 0.185451
v 0.313798 0.111461 0.185451
v 0.331781 0.126551 0.185451
v 0.343519 0.146881 0.185451
v 0.373037 0.170000 0.174389
v 0.367426 0.201821 0.174389
v 0.351270 0.229803 0.174389
v 0.326518 0.250572 0.174389
v 0.296156 0.261624 0.174389
v 0.263844 0.261624 0.174389
v 0.233482 0.250572 0.174389
v 0.208730 0.229803 0.174389
v 0.192574 0.201821 0.174389
v 0.186963 0.170000 0.174389
v 0.192574 0.138179 0.174389
v 0.208730 0.110197 0.174389
v 0.233482 0.089428 0.174389
v 0.263844 0.078376 0.174389
v 0.296156 0.078376 0.174389
v 0.326518 0.089428 0.174389
v 0.351270 0.110197 0.174389
v 0.367426 0.138179 0.174389
v 0.389371 0.170000 0.160451
v 0.382776 0.207407 0.160451
v 0.363783 0.240303 0.160451
v 0.334686 0.264718 0.160451
v 0.298992 0.277710 0.160451
v 0.261008 0.277710 0.160451
v 0.225314 0.264718 0.160451
v 0.196217 0.240303 0.160451
v 0.177224 0.207407 0.160451
v 0.170629 0.170000 0.160451
v 0.177224 0.132593 0.160451
v 0.196217 0.099697 0.160451
v 0.225314 0.075282 0.160451
v 0.261008 0.062290 0.160451
v 0.298992 0.062290 0.160451
v 0.334686 0.075282 0.160451
v 0.363783 0.099697 0.160451
v 0.382776 0.132593 0.160451
v 0.395000 0.170000 0.145000
v 0.388065 0.209332 0.145000
v 0.368095 0.243921 0.145000
v 0.337500 0.269593 0.145000
v 0.299970 0.283253 0.145000
v 0.260030 0.283253 0.145000
v 0.222500 0.269593 0.145000
v 0.191905 0.243921 0.145000
v 0.171935 0.209332 0.145000
v 0.165000 0.170000 0.145000
v 0.171935 0.130668 0.145000
v 0.191905 0.096079 0.145000
v 0.222500 0.070407 0.145000
v 0.260030 0.056747 0.145000
v 0.299970 0.056747 0.145000
v 0.337500 0.070407 0.145000
v 0.368095 0.096079 0.145000
v 0.388065 0.130668 0.145000
v 0.389371 0.170000 0.129549
v 0.382776 0.207407 0.129549
v 0.363783 0.240303 0.129549
v 0.334686 0.264718 0.129549
v 0.298992 0.277710 0.129549
v 0.261008 0.277710 0.129549
v 0.225314 0.264718 0.129549
v 0.196217 0.240303 0.129549
v 0.177224 0.207407 0.129549
v 0.170629 0.170000 0.129549
v 0.177224 0.132593 0.129549
v 0.196217 0.099697 0.129549
v 0.225314 0.075282 0.129549
v 0.261008 0.062290 0.129549
v 0.298992 0.062290 0.129549
v 0.334686 0.075282 0.129549
v 0.363783 0.099697 0.129549
v 0.382776 0.132593 0.129549
v 0.373037 0.170000 0.115611
v 0.367426 0.201821 0.115611
v 0.351270 0.229803 0.115611
v 0.326518 0.250572 0.115611
v 0.296156 0.261624 0.115611
v 0.263844 0.261624 0.115611
v 0.233482 0.250572 0.115611
v 0.208730 0.229803 0.115611
v 0.192574 0.201821 0.115611
v 0.186963 0.170000 0.115611
v 0.192574 0.138179 0.115611
v 0.208730 0.110197 0.115611
v 0.233482 0.089428 0.115611
v 0.263844 0.078376 0.115611
v 0.296156 0.078376 0.115611
v 0.326518 0.089428 0.115611
v 0.351270 0.110197 0.115611
v 0.367426 0.138179 0.115611
v 0.347595 0.170000 0.104549
v 0.343519 0.193119 0.104549
v 0.331781 0.213449 0.104549
v 0.313798 0.228539 0.104549
v 0.291738 0.236568 0.104549
v 0.268262 0.236568 0.104549
v 0.246202 0.228539 0.104549
v 0.228219 0.213449 0.104549
v 0.216481 0.193119 0.104549
v 0.212405 0.170000 0.104549
v 0.216481 0.146881 0.104549
v 0.228219 0.126551 0.104549
v 0.246202 0.111461 0.104549
v 0.268262 0.103432 0.104549
v 0.291738 0.103432 0.104549
v 0.313798 0.111461 0.104549
v 0.331781 0.126551 0.104549
v 0.343519 0.146881 0.104549
v 0.315537 0.170000 0.097447
v 0.313394 0.182154 0.097447
v 0.307223 0.192843 0.097447
v 0.297768 0.200776 0.097447
v 0.286171 0.204997 0.097447
v 0.273829 0.204997 0.097447
v 0.262232 0.200776 0.097447
v 0.252777 0.192843 0.097447
v 0.246606 0.182154 0.097447
v 0.244463 0.170000 0.097447
v 0.246606 0.157846 0.097447
v 0.252777 0.147157 0.097447
v 0.262232 0.139224 0.097447
v 0.273829 0.135003 0.097447
v 0.286171 0.135003 0.097447
v 0.297768 0.139224 0.097447
v 0.307223 0.147157 0.097447
v 0.313394 0.157846 0.097447
v 0.280000 0.170000 0.095000
v -0.220181 0.557978 -0.148745
v -0.330533 0.721983 -0.112463
v -0.539469 0.684532 -0.053758
v -0.558247 0.497380 -0.053758
v -0.360916 0.419166 -0.112463
v -0.278131 0.563792 0.336237
v -0.278131 0.563792 0.336237
v -0.278131 0.563792 0.336237
v -0.278131 0.563792 0.336237
v -0.278131 0.563792 0.336237
v -0.401869 0.576208 -0.096237
v -0.278131 0.563792 0.336237
v 0.583558 0.594437 -0.043730
v 0.442823 0.733250 -0.080012
v 0.245492 0.655035 -0.138717
v 0.264269 0.467884 -0.138717
v 0.473206 0.430432 -0.080012
v 0.278131 0.563792 0.336237
v 0.278131 0.563792 0.336237
v 0.278131 0.563792 0.336237
v 0.278131 0.563792 0.336237
v 0.278131 0.563792 0.336237
v 0.401869 0.576208 -0.096237
v 0.278131 0.563792 0.336237
v 0.058500 -0.455587 0.060466
v 0.029250 -0.405288 0.066531
v -0.029250 -0.405288 0.066531
v -0.058500 -0.455587 0.060466
v -0.029250 -0.505885 0.054401
v 0.029250 -0.505885 0.054401
v 0.130000 -0.463296 0.124403
v 0.065000 -0.351522 0.137880
v -0.065000 -0.351522 0.137880
v -0.130000 -0.463296 0.124403
v -0.065000 -0.575070 0.110925
v 0.065000 -0.575070 0.110925
v 0.106600 -0.477709 0.243937
v 0.053300 -0.386055 0.254989
v -0.053300 -0.386055 0.254989
v -0.106600 -0.477709 0.243937
v -0.053300 -0.569364 0.232885
v 0.053300 -0.569364 0.232885
v 0.000000 -0.488436 0.332893
v -0.460000 -0.380000 0.085600
v -0.373475 -0.380000 0.078474
v -0.378693 -0.360468 0.078474
v -0.393718 -0.343293 0.078474
v -0.416738 -0.330544 0.078474
v -0.444975 -0.323761 0.078474
v -0.475025 -0.323761 0.078474
v -0.503262 -0.330544 0.078474
v -0.526282 -0.343293 0.078474
v -0.541307 -0.360468 0.078474
v -0.546525 -0.380000 0.078474
v -0.541307 -0.399532 0.078474
v -0.526282 -0.416707 0.078474
v -0.503262 -0.429456 0.078474
v -0.475025 -0.436239 0.078474
v -0.444975 -0.436239 0.078474
v -0.416738 -0.429456 0.078474
v -0.393718 -0.416707 0.078474
v -0.378693 -0.399532 0.078474
v -0.295420 -0.380000 0.057793
v -0.305346 -0.342849 0.057793
v -0.333925 -0.310179 0.057793
v -0.377710 -0.285930 0.057793
v -0.431421 -0.273028 0.057793
v -0.488579 -0.273028 0.057793
v -0.542290 -0.285930 0.057793
v -0.586075 -0.310179 0.057793
v -0.614654 -0.342849 0.057793
v -0.624580 -0.380000 0.057793
v -0.614654 -0.417151 0.057793
v -0.586075 -0.449821 0.057793
v -0.542290 -0.474070 0.057793
v -0.488579 -0.486972 0.057793
v -0.431421 -0.486972 0.057793
v -0.377710 -0.474070 0.057793
v -0.333925 -0.449821 0.057793
v -0.305346 -0.417151 0.057793
v -0.233475 -0.380000 0.025582
v -0.247136 -0.328866 0.025582
v -0.286472 -0.283899 0.025582
v -0.346738 -0.250524 0.025582
v -0.420664 -0.232765 0.025582
v -0.499336 -0.232765 0.025582
v -0.573262 -0.250524 0.025582
v -0.633528 -0.283899 0.025582
v -0.672864 -0.328866 0.025582
v -0.686525 -0.380000 0.025582
v -0.672864 -0.431134 0.025582
v -0.633528 -0.476101 0.025582
v -0.573262 -0.509476 0.025582
v -0.499336 -0.527235 0.025582
v -0.420664 -0.527235 0.025582
v -0.346738 -0.509476 0.025582
v -0.286472 -0.476101 0.025582
v -0.247136 -0.431134 0.025582
v -0.193704 -0.380000 -0.015007
v -0.209764 -0.319888 -0.015007
v -0.256006 -0.267027 -0.015007
v -0.326852 -0.227791 -0.015007
v -0.413758 -0.206915 -0.015007
v -0.506242 -0.206915 -0.015007
v -0.593148 -0.227791 -0.015007
v -0.663994 -0.267027 -0.015007
v -0.710236 -0.319888 -0.015007
v -0.726296 -0.380000 -0.015007
v -0.710236 -0.440112 -0.015007
v -0.663994 -0.492973 -0.015007
v -0.593148 -0.532209 -0.015007
v -0.506242 -0.553085 -0.015007
v -0.413758 -0.553085 -0.015007
v -0.326852 -0.532209 -0.015007
v -0.256006 -0.492973 -0.015007
v -0.209764 -0.440112 -0.015007
v -0.180000 -0.380000 -0.060000
v -0.196886 -0.316795 -0.060000
v -0.245508 -0.261213 -0.060000
v -0.320000 -0.219959 -0.060000
v -0.411379 -0.198008 -0.060000
v -0.508621 -0.198008 -0.060000
v -0.600000 -0.219959 -0.060000
v -0.674492 -0.261213 -0.060000
v -0.723114 -0.316795 -0.060000
v -0.740000 -0.380000 -0.060000
v -0.723114 -0.443205 -0.060000
v -0.674492 -0.498787 -0.060000
v -0.600000 -0.540041 -0.060000
v -0.508621 -0.561992 -0.060000
v -0.411379 -0.561992 -0.060000
v -0.320000 -0.540041 -0.060000
v -0.245508 -0.498787 -0.060000
v -0.196886 -0.443205 -0.060000
v -0.193704 -0.380000 -0.104993
v -0.209764 -0.319888 -0.104993
v -0.256006 -0.267027 -0.104993
v -0.326852 -0.227791 -0.104993
v -0.413758 -0.206915 -0.104993
v -0.506242 -0.206915 -0.104993
v -0.593148 -0.227791 -0.104993
v -0.663994 -0.267027 -0.104993
v -0.710236 -0.319888 -0.104993
v -0.726296 -0.380000 -0.104993
v -0.710236 -0.440112 -0.104993
v -0.663994 -0.492973 -0.104993
v -0.593148 -0.532209 -0.104993
v -0.506242 -0.553085 -0.104993
v -0.413758 -0.553085 -0.104993
v -0.326852 -0.532209 -0.104993
v -0.256006 -0.492973 -0.104993
v -0.209764 -0.440112 -0.104993
v -0.233475 -0.380000 -0.145582
v -0.247136 -0.328866 -0.145582
v -0.286472 -0.283899 -0.145582
v -0.346738 -0.250524 -0.145582
v -0.420664 -0.232765 -0.145582
v -0.499336 -0.232765 -0.145582
v -0.573262 -0.250524 -0.145582
v -0.633528 -0.283899 -0.145582
v -0.672864 -0.328866 -0.145582
v -0.686525 -0.380000 -0.145582
v -0.672864 -0.431134 -0.145582
v -0.633528 -0.476101 -0.145582
v -0.573262 -0.509476 -0.145582
v -0.499336 -0.527235 -0.145582
v -0.420664 -0.527235 -0.145582
v -0.346738 -0.509476 -0.145582
v -0.286472 -0.476101 -0.145582
v -0.247136 -0.431134 -0.145582
v -0.295420 -0.380000 -0.177793
v -0.305346 -0.342849 -0.177793
v -0.333925 -0.310179 -0.177793
v -0.377710 -0.285930 -0.177793
v -0.431421 -0.273028 -0.177793
v -0.488579 -0.273028 -0.177793
v -0.542290 -0.285930 -0.177793
v -0.586075 -0.310179 -0.177793
v -0.614654 -0.342849 -0.177793
v -0.624580 -0.380000 -0.177793
v -0.614654 -0.417151 -0.177793
v -0.586075 -0.449821 -0.177793
v -0.542290 -0.474070 -0.177793
v -0.488579 -0.486972 -0.177793
v -0.431421 -0.486972 -0.177793
v -0.377710 -0.474070 -0.177793
v -0.333925 -0.449821 -0.177793
v -0.305346 -0.417151 -0.177793
v -0.373475 -0.380000 -0.198474
v -0.378693 -0.360468 -0.198474
v -0.393718 -0.343293 -0.198474
v -0.416738 -0.330544 -0.198474
v -0.444975 -0.323761 -0.198474
v -0.475025 -0.323761 -0.198474
v -0.503262 -0.330544 -0.198474
v -0.526282 -0.343293 -0.198474
v -0.541307 -0.360468 -0.198474
v -0.546525 -0.380000 -0.198474
v -0.541307 -0.399532 -0.198474
v -0.526282 -0.416707 -0.198474
v -0.503262 -0.429456 -0.198474
v -0.475025 -0.436239 -0.198474
v -0.444975 -0.436239 -0.198474
v -0.416738 -0.429456 -0.198474
v -0.393718 -0.416707 -0.198474
v -0.378693 -0.399532 -0.198474
v -0.460000 -0.380000 -0.205600
v -0.180000 -0.500000 0.096800
v -0.074934 -0.500000 0.088147
v -0.081270 -0.476283 0.088147
v -0.099515 -0.455427 0.088147
v -0.127467 -0.439947 0.088147
v -0.161756 -0.431710 0.088147
v -0.198244 -0.431710 0.088147
v -0.232533 -0.439947 0.088147
v -0.260485 -0.455427 0.088147
v -0.278730 -0.476283 0.088147
v -0.285066 -0.500000 0.088147
v -0.278730 -0.523717 0.088147
v -0.260485 -0.544573 0.088147
v -0.232533 -0.560053 0.088147
v -0.198244 -0.568290 0.088147
v -0.161756 -0.568290 0.088147
v -0.127467 -0.560053 0.088147
v -0.099515 -0.544573 0.088147
v -0.081270 -0.523717 0.088147
v 0.019847 -0.500000 0.063034
v 0.007795 -0.454888 0.063034
v -0.026908 -0.415217 0.063034
v -0.080077 -0.385772 0.063034
v -0.145297 -0.370105 0.063034
v -0.214703 -0.370105 0.063034
v -0.279923 -0.385772 0.063034
v -0.333092 -0.415217 0.063034
v -0.367795 -0.454888 0.063034
v -0.379847 -0.500000 0.063034
v -0.367795 -0.545112 0.063034
v -0.333092 -0.584783 0.063034
v -0.279923 -0.614228 0.063034
v -0.214703 -0.629895 0.063034
v -0.145297 -0.629895 0.063034
v -0.080077 -0.614228 0.063034
v -0.026908 -0.584783 0.063034
v 0.007795 -0.545112 0.063034
v 0.095066 -0.500000 0.023920
v 0.078477 -0.437908 0.023920
v 0.030713 -0.383306 0.023920
v -0.042467 -0.342779 0.023920
v -0.132235 -0.321215 0.023920
v -0.227765 -0.321215 0.023920
v -0.317533 -0.342779 0.023920
v -0.390713 -0.383306 0.023920
v -0.438477 -0.437908 0.023920
v -0.455066 -0.500000 0.023920
v -0.438477 -0.562092 0.023920
v -0.390713 -0.616694 0.023920
v -0.317533 -0.657221 0.023920
v -0.227765 -0.678785 0.023920
v -0.132235 -0.678785 0.023920
v -0.042467 -0.657221 0.023920
v 0.030713 -0.616694 0.023920
v 0.078477 -0.562092 0.023920
v 0.143359 -0.500000 -0.025366
v 0.123858 -0.427007 -0.025366
v 0.067708 -0.362818 -0.025366
v -0.018320 -0.315175 -0.025366
v -0.123849 -0.289825 -0.025366
v -0.236151 -0.289825 -0.025366
v -0.341680 -0.315175 -0.025366
v -0.427708 -0.362818 -0.025366
v -0.483858 -0.427007 -0.025366
v -0.503359 -0.500000 -0.025366
v -0.483858 -0.572993 -0.025366
v -0.427708 -0.637182 -0.025366
v -0.341680 -0.684825 -0.025366
v -0.236151 -0.710175 -0.025366
v -0.123849 -0.710175 -0.025366
v -0.018320 -0.684825 -0.025366
v 0.067708 -0.637182 -0.025366
v 0.123858 -0.572993 -0.025366
v 0.160000 -0.500000 -0.080000
v 0.139495 -0.423251 -0.080000
v 0.080455 -0.355758 -0.080000
v -0.010000 -0.305664 -0.080000
v -0.120960 -0.279009 -0.080000
v -0.239040 -0.279009 -0.080000
v -0.350000 -0.305664 -0.080000
v -0.440455 -0.355758 -0.080000
v -0.499495 -0.423251 -0.080000
v -0.520000 -0.500000 -0.080000
v -0.499495 -0.576749 -0.080000
v -0.440455 -0.644242 -0.080000
v -0.350000 -0.694336 -0.080000
v -0.239040 -0.720991 -0.080000
v -0.120960 -0.720991 -0.080000
v -0.010000 -0.694336 -0.080000
v 0.080455 -0.644242 -0.080000
v 0.139495 -0.576749 -0.080000
v 0.143359 -0.500000 -0.134634
v 0.123858 -0.427007 -0.134634
v 0.067708 -0.362818 -0.134634
v -0.018320 -0.315175 -0.134634
v -0.123849 -0.289825 -0.134634
v -0.236151 -0.289825 -0.134634
v -0.341680 -0.315175 -0.134634
v -0.427708 -0.362818 -0.134634
v -0.483858 -0.427007 -0.134634
v -0.503359 -0.500000 -0.134634
v -0.483858 -0.572993 -0.134634
v -0.427708 -0.637182 -0.134634
v -0.341680 -0.684825 -0.134634
v -0.236151 -0.710175 -0.134634
v -0.123849 -0.710175 -0.134634
v -0.018320 -0.684825 -0.134634
v 0.067708 -0.637182 -0.134634
v 0.123858 -0.572993 -0.134634
v 0.095066 -0.500000 -0.183920
v 0.078477 -0.437908 -0.183920
v 0.030713 -0.383306 -0.183920
v -0.042467 -0.342779 -0.183920
v -0.132235 -0.321215 -0.183920
v -0.227765 -0.321215 -0.183920
v -0.317533 -0.342779 -0.183920
v -0.390713 -0.383306 -0.183920
v -0.438477 -0.437908 -0.183920
v -0.455066 -0.500000 -0.183920
v -0.438477 -0.562092 -0.183920
v -0.390713 -0.616694 -0.183920
v -0.317533 -0.657221 -0.183920
v -0.227765 -0.678785 -0.183920
v -0.132235 -0.678785 -0.183920
v -0.042467 -0.657221 -0.183920
v 0.030713 -0.616694 -0.183920
v 0.078477 -0.562092 -0.183920
v 0.019847 -0.500000 -0.223034
v 0.007795 -0.454888 -0.223034
v -0.026908 -0.415217 -0.223034
v -0.080077 -0.385772 -0.223034
v -0.145297 -0.370105 -0.223034
v -0.214703 -0.370105 -0.223034
v -0.279923 -0.385772 -0.223034
v -0.333092 -0.415217 -0.223034
v -0.367795 -0.454888 -0.223034
v -0.379847 -0.500000 -0.223034
v -0.367795 -0.545112 -0.223034
v -0.333092 -0.584783 -0.223034
v -0.279923 -0.614228 -0.223034
v -0.214703 -0.629895 -0.223034
v -0.145297 -0.629895 -0.223034
v -0.080077 -0.614228 -0.223034
v -0.026908 -0.584783 -0.223034
v 0.007795 -0.545112 -0.223034
v -0.074934 -0.500000 -0.248147
v -0.081270 -0.476283 -0.248147
v -0.099515 -0.455427 -0.248147
v -0.127467 -0.439947 -0.248147
v -0.161756 -0.431710 -0.248147
v -0.198244 -0.431710 -0.248147
v -0.232533 -0.439947 -0.248147
v -0.260485 -0.455427 -0.248147
v -0.278730 -0.476283 -0.248147
v -0.285066 -0.500000 -0.248147
v -0.278730 -0.523717 -0.248147
v -0.260485 -0.544573 -0.248147
v -0.232533 -0.560053 -0.248147
v -0.198244 -0.568290 -0.248147
v -0.161756 -0.568290 -0.248147
v -0.127467 -0.560053 -0.248147
v -0.099515 -0.544573 -0.248147
v -0.081270 -0.523717 -0.248147
v -0.180000 -0.500000 -0.256800
v 0.180000 -0.500000 0.096800
v 0.285066 -0.500000 0.088147
v 0.278730 -0.476283 0.088147
v 0.260485 -0.455427 0.088147
v 0.232533 -0.439947 0.088147
v 0.198244 -0.431710 0.088147
v 0.161756 -0.431710 0.088147
v 0.127467 -0.439947 0.088147
v 0.099515 -0.455427 0.088147
v 0.081270 -0.476283 0.088147
v 0.074934 -0.500000 0.088147
v 0.081270 -0.523717 0.088147
v 0.099515 -0.544573 0.088147
v 0.127467 -0.560053 0.088147
v 0.161756 -0.568290 0.088147
v 0.198244 -0.568290 0.088147
v 0.232533 -0.560053 0.088147
v 0.260485 -0.544573 0.088147
v 0.278730 -0.523717 0.088147
v 0.379847 -0.500000 0.063034
v 0.367795 -0.454888 0.063034
v 0.333092 -0.415217 0.063034
v 0.279923 -0.385772 0.063034
v 0.214703 -0.370105 0.063034
v 0.145297 -0.370105 0.063034
v 0.080077 -0.385772 0.063034
v 0.026908 -0.415217 0.063034
v -0.007795 -0.454888 0.063034
v -0.019847 -0.500000 0.063034
v -0.007795 -0.545112 0.063034
v 0.026908 -0.584783 0.063034
v 0.080077 -0.614228 0.063034
v 0.145297 -0.629895 0.063034
v 0.214703 -0.629895 0.063034
v 0.279923 -0.614228 0.063034
v 0.333092 -0.584783 0.063034
v 0.367795 -0.545112 0.063034
v 0.455066 -0.500000 0.023920
v 0.438477 -0.437908 0.023920
v 0.390713 -0.383306 0.023920
v 0.317533 -0.342779 0.023920
v 0.227765 -0.321215 0.023920
v 0.132235 -0.321215 0.023920
v 0.042467 -0.342779 0.023920
v -0.030713 -0.383306 0.023920
v -0.078477 -0.437908 0.023920
v -0.095066 -0.500000 0.023920
v -0.078477 -0.562092 0.023920
v -0.030713 -0.616694 0.023920
v 0.042467 -0.657221 0.023920
v 0.132235 -0.678785 0.023920
v 0.227765 -0.678785 0.023920
v 0.317533 -0.657221 0.023920
v 0.390713 -0.616694 0.023920
v 0.438477 -0.562092 0.023920
v 0.503359 -0.500000 -0.025366
v 0.483858 -0.427007 -0.025366
v 0.427708 -0.362818 -0.025366
v 0.341680 -0.315175 -0.025366
v 0.236151 -0.289825 -0.025366
v 0.123849 -0.289825 -0.025366
v 0.018320 -0.315175 -0.025366
v -0.067708 -0.362818 -0.025366
v -0.123858 -0.427007 -0.025366
v -0.143359 -0.500000 -0.025366
v -0.123858 -0.572993 -0.025366
v -0.067708 -0.637182 -0.025366
v 0.018320 -0.684825 -0.025366
v 0.123849 -0.710175 -0.025366
v 0.236151 -0.710175 -0.025366
v 0.341680 -0.684825 -0.025366
v 0.427708 -0.637182 -0.025366
v 0.483858 -0.572993 -0.025366
v 0.520000 -0.500000 -0.080000
v 0.499495 -0.423251 -0.080000
v 0.440455 -0.355758 -0.080000
v 0.350000 -0.305664 -0.080000
v 0.239040 -0.279009 -0.080000
v 0.120960 -0.279009 -0.080000
v 0.010000 -0.305664 -0.080000
v -0.080455 -0.355758 -0.080000
v -0.139495 -0.423251 -0.080000
v -0.160000 -0.500000 -0.080000
v -0.139495 -0.576749 -0.080000
v -0.080455 -0.644242 -0.080000
v 0.010000 -0.694336 -0.080000
v 0.120960 -0.720991 -0.080000
v 0.239040 -0.720991 -0.080000
v 0.350000 -0.694336 -0.080000
v 0.440455 -0.644242 -0.080000
v 0.499495 -0.576749 -0.080000
v 0.503359 -0.500000 -0.134634
v 0.483858 -0.427007 -0.134634
v 0.427708 -0.362818 -0.134634
v 0.341680 -0.315175 -0.134634
v 0.236151 -0.289825 -0.134634
v 0.123849 -0.289825 -0.134634
v 0.018320 -0.315175 -0.134634
v -0.067708 -0.362818 -0.134634
v -0.123858 -0.427007 -0.134634
v -0.143359 -0.500000 -0.134634
v -0.123858 -0.572993 -0.134634
v -0.067708 -0.637182 -0.134634
v 0.018320 -0.684825 -0.134634
v 0.123849 -0.710175 -0.134634
v 0.236151 -0.710175 -0.134634
v 0.341680 -0.684825 -0.134634
v 0.427708 -0.637182 -0.134634
v 0.483858 -0.572993 -0.134634
v 0.455066 -0.500000 -0.183920
v 0.438477 -0.437908 -0.183920
v 0.390713 -0.383306 -0.183920
v 0.317533 -0.342779 -0.183920
v 0.227765 -0.321215 -0.183920
v 0.132235 -0.321215 -0.183920
v 0.042467 -0.342779 -0.183920
v -0.030713 -0.383306 -0.183920
v -0.078477 -0.437908 -0.183920
v -0.095066 -0.500000 -0.183920
v -0.078477 -0.562092 -0.183920
v -0.030713 -0.616694 -0.183920
v 0.042467 -0.657221 -0.183920
v 0.132235 -0.678785 -0.183920
v 0.227765 -0.678785 -0.183920
v 0.317533 -0.657221 -0.183920
v 0.390713 -0.616694 -0.183920
v 0.438477 -0.562092 -0.183920
v 0.379847 -0.500000 -0.223034
v 0.367795 -0.454888 -0.223034
v 0.333092 -0.415217 -0.223034
v 0.279923 -0.385772 -0.223034
v 0.214703 -0.370105 -0.223034
v 0.145297 -0.370105 -0.223034
v 0.080077 -0.385772 -0.223034
v 0.026908 -0.415217 -0.223034
v -0.007795 -0.454888 -0.223034
v -0.019847 -0.500000 -0.223034
v -0.007795 -0.545112 -0.223034
v 0.026908 -0.584783 -0.223034
v 0.080077 -0.614228 -0.223034
v 0.145297 -0.629895 -0.223034
v 0.214703 -0.629895 -0.223034
v 0.279923 -0.614228 -0.223034
v 0.333092 -0.584783 -0.223034
v 0.367795 -0.545112 -0.223034
v 0.285066 -0.500000 -0.248147
v 0.278730 -0.476283 -0.248147
v 0.260485 -0.455427 -0.248147
v 0.232533 -0.439947 -0.248147
v 0.198244 -0.431710 -0.248147
v 0.161756 -0.431710 -0.248147
v 0.127467 -0.439947 -0.248147
v 0.099515 -0.455427 -0.248147
v 0.081270 -0.476283 -0.248147
v 0.074934 -0.500000 -0.248147
v 0.081270 -0.523717 -0.248147
v 0.099515 -0.544573 -0.248147
v 0.127467 -0.560053 -0.248147
v 0.161756 -0.568290 -0.248147
v 0.198244 -0.568290 -0.248147
v 0.232533 -0.560053 -0.248147
v 0.260485 -0.544573 -0.248147
v 0.278730 -0.523717 -0.248147
v 0.180000 -0.500000 -0.256800
v 0.460000 -0.380000 0.085600
v 0.546525 -0.380000 0.078474
v 0.541307 -0.360468 0.078474
v 0.526282 -0.343293 0.078474
v 0.503262 -0.330544 0.078474
v 0.475025 -0.323761 0.078474
v 0.444975 -0.323761 0.078474
v 0.416738 -0.330544 0.078474
v 0.393718 -0.343293 0.078474
v 0.378693 -0.360468 0.078474
v 0.373475 -0.380000 0.078474
v 0.378693 -0.399532 0.078474
v 0.393718 -0.416707 0.078474
v 0.416738 -0.429456 0.078474
v 0.444975 -0.436239 0.078474
v 0.475025 -0.436239 0.078474
v 0.503262 -0.429456 0.078474
v 0.526282 -0.416707 0.078474
v 0.541307 -0.399532 0.078474
v 0.624580 -0.380000 0.057793
v 0.614654 -0.342849 0.057793
v 0.586075 -0.310179 0.057793
v 0.542290 -0.285930 0.057793
v 0.488579 -0.273028 0.057793
v 0.431421 -0.273028 0.057793
v 0.377710 -0.285930 0.057793
v 0.333925 -0.310179 0.057793
v 0.305346 -0.342849 0.057793
v 0.295420 -0.380000 0.057793
v 0.305346 -0.417151 0.057793
v 0.333925 -0.449821 0.057793
v 0.377710 -0.474070 0.057793
v 0.431421 -0.486972 0.057793
v 0.488579 -0.486972 0.057793
v 0.542290 -0.474070 0.057793
v 0.586075 -0.449821 0.057793
v 0.614654 -0.417151 0.057793
v 0.686525 -0.380000 0.025582
v 0.672864 -0.328866 0.025582
v 0.633528 -0.283899 0.025582
v 0.573262 -0.250524 0.025582
v 0.499336 -0.232765 0.025582
v 0.420664 -0.232765 0.025582
v 0.346738 -0.250524 0.025582
v 0.286472 -0.283899 0.025582
v 0.247136 -0.328866 0.025582
v 0.233475 -0.380000 0.025582
v 0.247136 -0.431134 0.025582
v 0.286472 -0.476101 0.025582
v 0.346738 -0.509476 0.025582
v 0.420664 -0.527235 0.025582
v 0.499336 -0.527235 0.025582
v 0.573262 -0.509476 0.025582
v 0.633528 -0.476101 0.025582
v 0.672864 -0.431134 0.025582
v 0.726296 -0.380000 -0.015007
v 0.710236 -0.319888 -0.015007
v 0.663994 -0.267027 -0.015007
v 0.593148 -0.227791 -0.015007
v 0.506242 -0.206915 -0.015007
v 0.413758 -0.206915 -0.015007
v 0.326852 -0.227791 -0.015007
v 0.256006 -0.267027 -0.015007
v 0.209764 -0.319888 -0.015007
v 0.193704 -0.380000 -0.015007
v 0.209764 -0.440112 -0.015007
v 0.256006 -0.492973 -0.015007
v 0.326852 -0.532209 -0.015007
v 0.413758 -0.553085 -0.015007
v 0.506242 -0.553085 -0.015007
v 0.593148 -0.532209 -0.015007
v 0.663994 -0.492973 -0.015007
v 0.710236 -0.440112 -0.015007
v 0.740000 -0.380000 -0.060000
v 0.723114 -0.316795 -0.060000
v 0.674492 -0.261213 -0.060000
v 0.600000 -0.219959 -0.060000
v 0.508621 -0.198008 -0.060000
v 0.411379 -0.198008 -0.060000
v 0.320000 -0.219959 -0.060000
v 0.245508 -0.261213 -0.060000
v 0.196886 -0.316795 -0.060000
v 0.180000 -0.380000 -0.060000
v 0.196886 -0.443205 -0.060000
v 0.245508 -0.498787 -0.060000
v 0.320000 -0.540041 -0.060000
v 0.411379 -0.561992 -0.060000
v 0.508621 -0.561992 -0.060000
v 0.600000 -0.540041 -0.060000
v 0.674492 -0.498787 -0.060000
v 0.723114 -0.443205 -0.060000
v 0.726296 -0.380000 -0.104993
v 0.710236 -0.319888 -0.104993
v 0.663994 -0.267027 -0.104993
v 0.593148 -0.227791 -0.104993
v 0.506242 -0.206915 -0.104993
v 0.413758 -0.206915 -0.104993
v 0.326852 -0.227791 -0.104993
v 0.256006 -0.267027 -0.104993
v 0.209764 -0.319888 -0.104993
v 0.193704 -0.380000 -0.104993
v 0.209764 -0.440112 -0.104993
v 0.256006 -0.492973 -0.104993
v 0.326852 -0.532209 -0.104993
v 0.413758 -0.553085 -0.104993
v 0.506242 -0.553085 -0.104993
v 0.593148 -0.532209 -0.104993
v 0.663994 -0.492973 -0.104993
v 0.710236 -0.440112 -0.104993
v 0.686525 -0.380000 -0.145582
v 0.672864 -0.328866 -0.145582
v 0.633528 -0.283899 -0.145582
v 0.573262 -0.250524 -0.145582
v 0.499336 -0.232765 -0.145582
v 0.420664 -0.232765 -0.145582
v 0.346738 -0.250524 -0.145582
v 0.286472 -0.283899 -0.145582
v 0.247136 -0.328866 -0.145582
v 0.233475 -0.380000 -0.145582
v 0.247136 -0.431134 -0.145582
v 0.286472 -0.476101 -0.145582
v 0.346738 -0.509476 -0.145582
v 0.420664 -0.527235 -0.145582
v 0.499336 -0.527235 -0.145582
v 0.573262 -0.509476 -0.145582
v 0.633528 -0.476101 -0.145582
v 0.672864 -0.431134 -0.145582
v 0.624580 -0.380000 -0.177793
v 0.614654 -0.342849 -0.177793
v 0.586075 -0.310179 -0.177793
v 0.542290 -0.285930 -0.177793
v 0.488579 -0.273028 -0.177793
v 0.431421 -0.273028 -0.177793
v 0.377710 -0.285930 -0.177793
v 0.333925 -0.310179 -0.177793
v 0.305346 -0.342849 -0.177793
v 0.295420 -0.380000 -0.177793
v 0.305346 -0.417151 -0.177793
v 0.333925 -0.449821 -0.177793
v 0.377710 -0.474070 -0.177793
v 0.431421 -0.486972 -0.177793
v 0.488579 -0.486972 -0.177793
v 0.542290 -0.474070 -0.177793
v 0.586075 -0.449821 -0.177793
v 0.614654 -0.417151 -0.177793
v 0.546525 -0.380000 -0.198474
v 0.541307 -0.360468 -0.198474
v 0.526282 -0.343293 -0.198474
v 0.503262 -0.330544 -0.198474
v 0.475025 -0.323761 -0.198474
v 0.444975 -0.323761 -0.198474
v 0.416738 -0.330544 -0.198474
v 0.393718 -0.343293 -0.198474
v 0.378693 -0.360468 -0.198474
v 0.373475 -0.380000 -0.198474
v 0.378693 -0.399532 -0.198474
v 0.393718 -0.416707 -0.198474
v 0.416738 -0.429456 -0.198474
v 0.444975 -0.436239 -0.198474
v 0.475025 -0.436239 -0.198474
v 0.503262 -0.429456 -0.198474
v 0.526282 -0.416707 -0.198474
v 0.541307 -0.399532 -0.198474
v 0.460000 -0.380000 -0.205600
v 0.520000 -0.224749 0.040000
v 0.544749 -0.200000 0.040000
v 0.520000 -0.175251 0.040000
v 0.495251 -0.200000 0.040000
v 0.520000 -0.224749 0.320000
v 0.544749 -0.200000 0.320000
v 0.520000 -0.175251 0.320000
v 0.495251 -0.200000 0.320000
v 0.433379 -0.311369 0.197500
v 0.433379 -0.311369 0.162500
v 0.408631 -0.286621 0.162500
v 0.408631 -0.286621 0.197500
v 0.631369 -0.113379 0.197500
v 0.631369 -0.113379 0.162500
v 0.606621 -0.088631 0.162500
v 0.606621 -0.088631 0.197500
o LuckyCoin
usemtl AntiqueGold
s 1
f 1 2 42 41
f 81 2 1
f 82 41 42
f 2 3 43 42
f 81 3 2
f 82 42 43
f 3 4 44 43
f 81 4 3
f 82 43 44
f 4 5 45 44
f 81 5 4
f 82 44 45
f 5 6 46 45
f 81 6 5
f 82 45 46
f 6 7 47 46
f 81 7 6
f 82 46 47
f 7 8 48 47
f 81 8 7
f 82 47 48
f 8 9 49 48
f 81 9 8
f 82 48 49
f 9 10 50 49
f 81 10 9
f 82 49 50
f 10 11 51 50
f 81 11 10
f 82 50 51
f 11 12 52 51
f 81 12 11
f 82 51 52
f 12 13 53 52
f 81 13 12
f 82 52 53
f 13 14 54 53
f 81 14 13
f 82 53 54
f 14 15 55 54
f 81 15 14
f 82 54 55
f 15 16 56 55
f 81 16 15
f 82 55 56
f 16 17 57 56
f 81 17 16
f 82 56 57
f 17 18 58 57
f 81 18 17
f 82 57 58
f 18 19 59 58
f 81 19 18
f 82 58 59
f 19 20 60 59
f 81 20 19
f 82 59 60
f 20 21 61 60
f 81 21 20
f 82 60 61
f 21 22 62 61
f 81 22 21
f 82 61 62
f 22 23 63 62
f 81 23 22
f 82 62 63
f 23 24 64 63
f 81 24 23
f 82 63 64
f 24 25 65 64
f 81 25 24
f 82 64 65
f 25 26 66 65
f 81 26 25
f 82 65 66
f 26 27 67 66
f 81 27 26
f 82 66 67
f 27 28 68 67
f 81 28 27
f 82 67 68
f 28 29 69 68
f 81 29 28
f 82 68 69
f 29 30 70 69
f 81 30 29
f 82 69 70
f 30 31 71 70
f 81 31 30
f 82 70 71
f 31 32 72 71
f 81 32 31
f 82 71 72
f 32 33 73 72
f 81 33 32
f 82 72 73
f 33 34 74 73
f 81 34 33
f 82 73 74
f 34 35 75 74
f 81 35 34
f 82 74 75
f 35 36 76 75
f 81 36 35
f 82 75 76
f 36 37 77 76
f 81 37 36
f 82 76 77
f 37 38 78 77
f 81 38 37
f 82 77 78
f 38 39 79 78
f 81 39 38
f 82 78 79
f 39 40 80 79
f 81 40 39
f 82 79 80
f 40 1 41 80
f 81 1 40
f 82 80 41
o CoinTrim
usemtl PaleGold
s 1
f 83 91 92 84
f 84 92 93 85
f 85 93 94 86
f 86 94 95 87
f 87 95 96 88
f 88 96 97 89
f 89 97 98 90
f 90 98 91 83
f 91 99 100 92
f 92 100 101 93
f 93 101 102 94
f 94 102 103 95
f 95 103 104 96
f 96 104 105 97
f 97 105 106 98
f 98 106 99 91
f 99 107 108 100
f 100 108 109 101
f 101 109 110 102
f 102 110 111 103
f 103 111 112 104
f 104 112 113 105
f 105 113 114 106
f 106 114 107 99
f 107 115 116 108
f 108 116 117 109
f 109 117 118 110
f 110 118 119 111
f 111 119 120 112
f 112 120 121 113
f 113 121 122 114
f 114 122 115 107
f 115 123 124 116
f 116 124 125 117
f 117 125 126 118
f 118 126 127 119
f 119 127 128 120
f 120 128 129 121
f 121 129 130 122
f 122 130 123 115
f 123 131 132 124
f 124 132 133 125
f 125 133 134 126
f 126 134 135 127
f 127 135 136 128
f 128 136 137 129
f 129 137 138 130
f 130 138 131 123
f 131 139 140 132
f 132 140 141 133
f 133 141 142 134
f 134 142 143 135
f 135 143 144 136
f 136 144 145 137
f 137 145 146 138
f 138 146 139 131
f 139 147 148 140
f 140 148 149 141
f 141 149 150 142
f 142 150 151 143
f 143 151 152 144
f 144 152 153 145
f 145 153 154 146
f 146 154 147 139
f 147 155 156 148
f 148 156 157 149
f 149 157 158 150
f 150 158 159 151
f 151 159 160 152
f 152 160 161 153
f 153 161 162 154
f 154 162 155 147
f 155 163 164 156
f 156 164 165 157
f 157 165 166 158
f 158 166 167 159
f 159 167 168 160
f 160 168 169 161
f 161 169 170 162
f 162 170 163 155
f 163 171 172 164
f 164 172 173 165
f 165 173 174 166
f 166 174 175 167
f 167 175 176 168
f 168 176 177 169
f 169 177 178 170
f 170 178 171 163
f 171 179 180 172
f 172 180 181 173
f 173 181 182 174
f 174 182 183 175
f 175 183 184 176
f 176 184 185 177
f 177 185 186 178
f 178 186 179 171
f 179 187 188 180
f 180 188 189 181
f 181 189 190 182
f 182 190 191 183
f 183 191 192 184
f 184 192 193 185
f 185 193 194 186
f 186 194 187 179
f 187 195 196 188
f 188 196 197 189
f 189 197 198 190
f 190 198 199 191
f 191 199 200 192
f 192 200 201 193
f 193 201 202 194
f 194 202 195 187
f 195 203 204 196
f 196 204 205 197
f 197 205 206 198
f 198 206 207 199
f 199 207 208 200
f 200 208 209 201
f 201 209 210 202
f 202 210 203 195
f 203 211 212 204
f 204 212 213 205
f 205 213 214 206
f 206 214 215 207
f 207 215 216 208
f 208 216 217 209
f 209 217 218 210
f 210 218 211 203
f 211 219 220 212
f 212 220 221 213
f 213 221 222 214
f 214 222 223 215
f 215 223 224 216
f 216 224 225 217
f 217 225 226 218
f 218 226 219 211
f 219 227 228 220
f 220 228 229 221
f 221 229 230 222
f 222 230 231 223
f 223 231 232 224
f 224 232 233 225
f 225 233 234 226
f 226 234 227 219
f 227 235 236 228
f 228 236 237 229
f 229 237 238 230
f 230 238 239 231
f 231 239 240 232
f 232 240 241 233
f 233 241 242 234
f 234 242 235 227
f 235 243 244 236
f 236 244 245 237
f 237 245 246 238
f 238 246 247 239
f 239 247 248 240
f 240 248 249 241
f 241 249 250 242
f 242 250 243 235
f 243 251 252 244
f 244 252 253 245
f 245 253 254 246
f 246 254 255 247
f 247 255 256 248
f 248 256 257 249
f 249 257 258 250
f 250 258 251 243
f 251 259 260 252
f 252 260 261 253
f 253 261 262 254
f 254 262 263 255
f 255 263 264 256
f 256 264 265 257
f 257 265 266 258
f 258 266 259 251
f 259 267 268 260
f 260 268 269 261
f 261 269 270 262
f 262 270 271 263
f 263 271 272 264
f 264 272 273 265
f 265 273 274 266
f 266 274 267 259
f 267 275 276 268
f 268 276 277 269
f 269 277 278 270
f 270 278 279 271
f 271 279 280 272
f 272 280 281 273
f 273 281 282 274
f 274 282 275 267
f 275 283 284 276
f 276 284 285 277
f 277 285 286 278
f 278 286 287 279
f 279 287 288 280
f 280 288 289 281
f 281 289 290 282
f 282 290 283 275
f 283 291 292 284
f 284 292 293 285
f 285 293 294 286
f 286 294 295 287
f 287 295 296 288
f 288 296 297 289
f 289 297 298 290
f 290 298 291 283
f 291 299 300 292
f 292 300 301 293
f 293 301 302 294
f 294 302 303 295
f 295 303 304 296
f 296 304 305 297
f 297 305 306 298
f 298 306 299 291
f 299 307 308 300
f 300 308 309 301
f 301 309 310 302
f 302 310 311 303
f 303 311 312 304
f 304 312 313 305
f 305 313 314 306
f 306 314 307 299
f 307 315 316 308
f 308 316 317 309
f 309 317 318 310
f 310 318 319 311
f 311 319 320 312
f 312 320 321 313
f 313 321 322 314
f 314 322 315 307
f 315 323 324 316
f 316 324 325 317
f 317 325 326 318
f 318 326 327 319
f 319 327 328 320
f 320 328 329 321
f 321 329 330 322
f 322 330 323 315
f 323 331 332 324
f 324 332 333 325
f 325 333 334 326
f 326 334 335 327
f 327 335 336 328
f 328 336 337 329
f 329 337 338 330
f 330 338 331 323
f 331 339 340 332
f 332 340 341 333
f 333 341 342 334
f 334 342 343 335
f 335 343 344 336
f 336 344 345 337
f 337 345 346 338
f 338 346 339 331
f 339 347 348 340
f 340 348 349 341
f 341 349 350 342
f 342 350 351 343
f 343 351 352 344
f 344 352 353 345
f 345 353 354 346
f 346 354 347 339
f 347 355 356 348
f 348 356 357 349
f 349 357 358 350
f 350 358 359 351
f 351 359 360 352
f 352 360 361 353
f 353 361 362 354
f 354 362 355 347
f 355 363 364 356
f 356 364 365 357
f 357 365 366 358
f 358 366 367 359
f 359 367 368 360
f 360 368 369 361
f 361 369 370 362
f 362 370 363 355
f 363 371 372 364
f 364 372 373 365
f 365 373 374 366
f 366 374 375 367
f 367 375 376 368
f 368 376 377 369
f 369 377 378 370
f 370 378 371 363
f 371 379 380 372
f 372 380 381 373
f 373 381 382 374
f 374 382 383 375
f 375 383 384 376
f 376 384 385 377
f 377 385 386 378
f 378 386 379 371
f 379 387 388 380
f 380 388 389 381
f 381 389 390 382
f 382 390 391 383
f 383 391 392 384
f 384 392 393 385
f 385 393 394 386
f 386 394 387 379
f 387 395 396 388
f 388 396 397 389
f 389 397 398 390
f 390 398 399 391
f 391 399 400 392
f 392 400 401 393
f 393 401 402 394
f 394 402 395 387
f 395 83 84 396
f 396 84 85 397
f 397 85 86 398
f 398 86 87 399
f 399 87 88 400
f 400 88 89 401
f 401 89 90 402
f 402 90 83 395
o CoinInset
usemtl DeepGold
s 1
f 403 404 436 435
f 467 404 403
f 468 435 436
f 404 405 437 436
f 467 405 404
f 468 436 437
f 405 406 438 437
f 467 406 405
f 468 437 438
f 406 407 439 438
f 467 407 406
f 468 438 439
f 407 408 440 439
f 467 408 407
f 468 439 440
f 408 409 441 440
f 467 409 408
f 468 440 441
f 409 410 442 441
f 467 410 409
f 468 441 442
f 410 411 443 442
f 467 411 410
f 468 442 443
f 411 412 444 443
f 467 412 411
f 468 443 444
f 412 413 445 444
f 467 413 412
f 468 444 445
f 413 414 446 445
f 467 414 413
f 468 445 446
f 414 415 447 446
f 467 415 414
f 468 446 447
f 415 416 448 447
f 467 416 415
f 468 447 448
f 416 417 449 448
f 467 417 416
f 468 448 449
f 417 418 450 449
f 467 418 417
f 468 449 450
f 418 419 451 450
f 467 419 418
f 468 450 451
f 419 420 452 451
f 467 420 419
f 468 451 452
f 420 421 453 452
f 467 421 420
f 468 452 453
f 421 422 454 453
f 467 422 421
f 468 453 454
f 422 423 455 454
f 467 423 422
f 468 454 455
f 423 424 456 455
f 467 424 423
f 468 455 456
f 424 425 457 456
f 467 425 424
f 468 456 457
f 425 426 458 457
f 467 426 425
f 468 457 458
f 426 427 459 458
f 467 427 426
f 468 458 459
f 427 428 460 459
f 467 428 427
f 468 459 460
f 428 429 461 460
f 467 429 428
f 468 460 461
f 429 430 462 461
f 467 430 429
f 468 461 462
f 430 431 463 462
f 467 431 430
f 468 462 463
f 431 432 464 463
f 467 432 431
f 468 463 464
f 432 433 465 464
f 467 433 432
f 468 464 465
f 433 434 466 465
f 467 434 433
f 468 465 466
f 434 403 435 466
f 467 403 434
f 468 466 435
o PawPad
usemtl PaleGold
s 1
f 469 470 471
f 469 471 472
f 469 472 473
f 469 473 474
f 469 474 475
f 469 475 476
f 469 476 477
f 469 477 478
f 469 478 479
f 469 479 480
f 469 480 481
f 469 481 482
f 469 482 483
f 469 483 484
f 469 484 485
f 469 485 486
f 469 486 487
f 469 487 470
f 470 488 489 471
f 471 489 490 472
f 472 490 491 473
f 473 491 492 474
f 474 492 493 475
f 475 493 494 476
f 476 494 495 477
f 477 495 496 478
f 478 496 497 479
f 479 497 498 480
f 480 498 499 481
f 481 499 500 482
f 482 500 501 483
f 483 501 502 484
f 484 502 503 485
f 485 503 504 486
f 486 504 505 487
f 487 505 488 470
f 488 506 507 489
f 489 507 508 490
f 490 508 509 491
f 491 509 510 492
f 492 510 511 493
f 493 511 512 494
f 494 512 513 495
f 495 513 514 496
f 496 514 515 497
f 497 515 516 498
f 498 516 517 499
f 499 517 518 500
f 500 518 519 501
f 501 519 520 502
f 502 520 521 503
f 503 521 522 504
f 504 522 523 505
f 505 523 506 488
f 506 524 525 507
f 507 525 526 508
f 508 526 527 509
f 509 527 528 510
f 510 528 529 511
f 511 529 530 512
f 512 530 531 513
f 513 531 532 514
f 514 532 533 515
f 515 533 534 516
f 516 534 535 517
f 517 535 536 518
f 518 536 537 519
f 519 537 538 520
f 520 538 539 521
f 521 539 540 522
f 522 540 541 523
f 523 541 524 506
f 524 542 543 525
f 525 543 544 526
f 526 544 545 527
f 527 545 546 528
f 528 546 547 529
f 529 547 548 530
f 530 548 549 531
f 531 549 550 532
f 532 550 551 533
f 533 551 552 534
f 534 552 553 535
f 535 553 554 536
f 536 554 555 537
f 537 555 556 538
f 538 556 557 539
f 539 557 558 540
f 540 558 559 541
f 541 559 542 524
f 542 560 561 543
f 543 561 562 544
f 544 562 563 545
f 545 563 564 546
f 546 564 565 547
f 547 565 566 548
f 548 566 567 549
f 549 567 568 550
f 550 568 569 551
f 551 569 570 552
f 552 570 571 553
f 553 571 572 554
f 554 572 573 555
f 555 573 574 556
f 556 574 575 557
f 557 575 576 558
f 558 576 577 559
f 559 577 560 542
f 560 578 579 561
f 561 579 580 562
f 562 580 581 563
f 563 581 582 564
f 564 582 583 565
f 565 583 584 566
f 566 584 585 567
f 567 585 586 568
f 568 586 587 569
f 569 587 588 570
f 570 588 589 571
f 571 589 590 572
f 572 590 591 573
f 573 591 592 574
f 574 592 593 575
f 575 593 594 576
f 576 594 595 577
f 577 595 578 560
f 578 596 597 579
f 579 597 598 580
f 580 598 599 581
f 581 599 600 582
f 582 600 601 583
f 583 601 602 584
f 584 602 603 585
f 585 603 604 586
f 586 604 605 587
f 587 605 606 588
f 588 606 607 589
f 589 607 608 590
f 590 608 609 591
f 591 609 610 592
f 592 610 611 593
f 593 611 612 594
f 594 612 613 595
f 595 613 596 578
f 596 614 615 597
f 597 615 616 598
f 598 616 617 599
f 599 617 618 600
f 600 618 619 601
f 601 619 620 602
f 602 620 621 603
f 603 621 622 604
f 604 622 623 605
f 605 623 624 606
f 606 624 625 607
f 607 625 626 608
f 608 626 627 609
f 609 627 628 610
f 610 628 629 611
f 611 629 630 612
f 612 630 631 613
f 613 631 614 596
f 632 615 614
f 632 616 615
f 632 617 616
f 632 618 617
f 632 619 618
f 632 620 619
f 632 621 620
f 632 622 621
f 632 623 622
f 632 624 623
f 632 625 624
f 632 626 625
f 632 627 626
f 632 628 627
f 632 629 628
f 632 630 629
f 632 631 630
f 632 614 631
o Toe_1
usemtl PaleGold
s 1
f 633 634 635
f 633 635 636
f 633 636 637
f 633 637 638
f 633 638 639
f 633 639 640
f 633 640 641
f 633 641 642
f 633 642 643
f 633 643 644
f 633 644 645
f 633 645 646
f 633 646 647
f 633 647 648
f 633 648 649
f 633 649 650
f 633 650 651
f 633 651 634
f 634 652 653 635
f 635 653 654 636
f 636 654 655 637
f 637 655 656 638
f 638 656 657 639
f 639 657 658 640
f 640 658 659 641
f 641 659 660 642
f 642 660 661 643
f 643 661 662 644
f 644 662 663 645
f 645 663 664 646
f 646 664 665 647
f 647 665 666 648
f 648 666 667 649
f 649 667 668 650
f 650 668 669 651
f 651 669 652 634
f 652 670 671 653
f 653 671 672 654
f 654 672 673 655
f 655 673 674 656
f 656 674 675 657
f 657 675 676 658
f 658 676 677 659
f 659 677 678 660
f 660 678 679 661
f 661 679 680 662
f 662 680 681 663
f 663 681 682 664
f 664 682 683 665
f 665 683 684 666
f 666 684 685 667
f 667 685 686 668
f 668 686 687 669
f 669 687 670 652
f 670 688 689 671
f 671 689 690 672
f 672 690 691 673
f 673 691 692 674
f 674 692 693 675
f 675 693 694 676
f 676 694 695 677
f 677 695 696 678
f 678 696 697 679
f 679 697 698 680
f 680 698 699 681
f 681 699 700 682
f 682 700 701 683
f 683 701 702 684
f 684 702 703 685
f 685 703 704 686
f 686 704 705 687
f 687 705 688 670
f 688 706 707 689
f 689 707 708 690
f 690 708 709 691
f 691 709 710 692
f 692 710 711 693
f 693 711 712 694
f 694 712 713 695
f 695 713 714 696
f 696 714 715 697
f 697 715 716 698
f 698 716 717 699
f 699 717 718 700
f 700 718 719 701
f 701 719 720 702
f 702 720 721 703
f 703 721 722 704
f 704 722 723 705
f 705 723 706 688
f 706 724 725 707
f 707 725 726 708
f 708 726 727 709
f 709 727 728 710
f 710 728 729 711
f 711 729 730 712
f 712 730 731 713
f 713 731 732 714
f 714 732 733 715
f 715 733 734 716
f 716 734 735 717
f 717 735 736 718
f 718 736 737 719
f 719 737 738 720
f 720 738 739 721
f 721 739 740 722
f 722 740 741 723
f 723 741 724 706
f 724 742 743 725
f 725 743 744 726
f 726 744 745 727
f 727 745 746 728
f 728 746 747 729
f 729 747 748 730
f 730 748 749 731
f 731 749 750 732
f 732 750 751 733
f 733 751 752 734
f 734 752 753 735
f 735 753 754 736
f 736 754 755 737
f 737 755 756 738
f 738 756 757 739
f 739 757 758 740
f 740 758 759 741
f 741 759 742 724
f 742 760 761 743
f 743 761 762 744
f 744 762 763 745
f 745 763 764 746
f 746 764 765 747
f 747 765 766 748
f 748 766 767 749
f 749 767 768 750
f 750 768 769 751
f 751 769 770 752
f 752 770 771 753
f 753 771 772 754
f 754 772 773 755
f 755 773 774 756
f 756 774 775 757
f 757 775 776 758
f 758 776 777 759
f 759 777 760 742
f 760 778 779 761
f 761 779 780 762
f 762 780 781 763
f 763 781 782 764
f 764 782 783 765
f 765 783 784 766
f 766 784 785 767
f 767 785 786 768
f 768 786 787 769
f 769 787 788 770
f 770 788 789 771
f 771 789 790 772
f 772 790 791 773
f 773 791 792 774
f 774 792 793 775
f 775 793 794 776
f 776 794 795 777
f 777 795 778 760
f 796 779 778
f 796 780 779
f 796 781 780
f 796 782 781
f 796 783 782
f 796 784 783
f 796 785 784
f 796 786 785
f 796 787 786
f 796 788 787
f 796 789 788
f 796 790 789
f 796 791 790
f 796 792 791
f 796 793 792
f 796 794 793
f 796 795 794
f 796 778 795
o Toe_2
usemtl PaleGold
s 1
f 797 798 799
f 797 799 800
f 797 800 801
f 797 801 802
f 797 802 803
f 797 803 804
f 797 804 805
f 797 805 806
f 797 806 807
f 797 807 808
f 797 808 809
f 797 809 810
f 797 810 811
f 797 811 812
f 797 812 813
f 797 813 814
f 797 814 815
f 797 815 798
f 798 816 817 799
f 799 817 818 800
f 800 818 819 801
f 801 819 820 802
f 802 820 821 803
f 803 821 822 804
f 804 822 823 805
f 805 823 824 806
f 806 824 825 807
f 807 825 826 808
f 808 826 827 809
f 809 827 828 810
f 810 828 829 811
f 811 829 830 812
f 812 830 831 813
f 813 831 832 814
f 814 832 833 815
f 815 833 816 798
f 816 834 835 817
f 817 835 836 818
f 818 836 837 819
f 819 837 838 820
f 820 838 839 821
f 821 839 840 822
f 822 840 841 823
f 823 841 842 824
f 824 842 843 825
f 825 843 844 826
f 826 844 845 827
f 827 845 846 828
f 828 846 847 829
f 829 847 848 830
f 830 848 849 831
f 831 849 850 832
f 832 850 851 833
f 833 851 834 816
f 834 852 853 835
f 835 853 854 836
f 836 854 855 837
f 837 855 856 838
f 838 856 857 839
f 839 857 858 840
f 840 858 859 841
f 841 859 860 842
f 842 860 861 843
f 843 861 862 844
f 844 862 863 845
f 845 863 864 846
f 846 864 865 847
f 847 865 866 848
f 848 866 867 849
f 849 867 868 850
f 850 868 869 851
f 851 869 852 834
f 852 870 871 853
f 853 871 872 854
f 854 872 873 855
f 855 873 874 856
f 856 874 875 857
f 857 875 876 858
f 858 876 877 859
f 859 877 878 860
f 860 878 879 861
f 861 879 880 862
f 862 880 881 863
f 863 881 882 864
f 864 882 883 865
f 865 883 884 866
f 866 884 885 867
f 867 885 886 868
f 868 886 887 869
f 869 887 870 852
f 870 888 889 871
f 871 889 890 872
f 872 890 891 873
f 873 891 892 874
f 874 892 893 875
f 875 893 894 876
f 876 894 895 877
f 877 895 896 878
f 878 896 897 879
f 879 897 898 880
f 880 898 899 881
f 881 899 900 882
f 882 900 901 883
f 883 901 902 884
f 884 902 903 885
f 885 903 904 886
f 886 904 905 887
f 887 905 888 870
f 888 906 907 889
f 889 907 908 890
f 890 908 909 891
f 891 909 910 892
f 892 910 911 893
f 893 911 912 894
f 894 912 913 895
f 895 913 914 896
f 896 914 915 897
f 897 915 916 898
f 898 916 917 899
f 899 917 918 900
f 900 918 919 901
f 901 919 920 902
f 902 920 921 903
f 903 921 922 904
f 904 922 923 905
f 905 923 906 888
f 906 924 925 907
f 907 925 926 908
f 908 926 927 909
f 909 927 928 910
f 910 928 929 911
f 911 929 930 912
f 912 930 931 913
f 913 931 932 914
f 914 932 933 915
f 915 933 934 916
f 916 934 935 917
f 917 935 936 918
f 918 936 937 919
f 919 937 938 920
f 920 938 939 921
f 921 939 940 922
f 922 940 941 923
f 923 941 924 906
f 924 942 943 925
f 925 943 944 926
f 926 944 945 927
f 927 945 946 928
f 928 946 947 929
f 929 947 948 930
f 930 948 949 931
f 931 949 950 932
f 932 950 951 933
f 933 951 952 934
f 934 952 953 935
f 935 953 954 936
f 936 954 955 937
f 937 955 956 938
f 938 956 957 939
f 939 957 958 940
f 940 958 959 941
f 941 959 942 924
f 960 943 942
f 960 944 943
f 960 945 944
f 960 946 945
f 960 947 946
f 960 948 947
f 960 949 948
f 960 950 949
f 960 951 950
f 960 952 951
f 960 953 952
f 960 954 953
f 960 955 954
f 960 956 955
f 960 957 956
f 960 958 957
f 960 959 958
f 960 942 959
o Toe_3
usemtl PaleGold
s 1
f 961 962 963
f 961 963 964
f 961 964 965
f 961 965 966
f 961 966 967
f 961 967 968
f 961 968 969
f 961 969 970
f 961 970 971
f 961 971 972
f 961 972 973
f 961 973 974
f 961 974 975
f 961 975 976
f 961 976 977
f 961 977 978
f 961 978 979
f 961 979 962
f 962 980 981 963
f 963 981 982 964
f 964 982 983 965
f 965 983 984 966
f 966 984 985 967
f 967 985 986 968
f 968 986 987 969
f 969 987 988 970
f 970 988 989 971
f 971 989 990 972
f 972 990 991 973
f 973 991 992 974
f 974 992 993 975
f 975 993 994 976
f 976 994 995 977
f 977 995 996 978
f 978 996 997 979
f 979 997 980 962
f 980 998 999 981
f 981 999 1000 982
f 982 1000 1001 983
f 983 1001 1002 984
f 984 1002 1003 985
f 985 1003 1004 986
f 986 1004 1005 987
f 987 1005 1006 988
f 988 1006 1007 989
f 989 1007 1008 990
f 990 1008 1009 991
f 991 1009 1010 992
f 992 1010 1011 993
f 993 1011 1012 994
f 994 1012 1013 995
f 995 1013 1014 996
f 996 1014 1015 997
f 997 1015 998 980
f 998 1016 1017 999
f 999 1017 1018 1000
f 1000 1018 1019 1001
f 1001 1019 1020 1002
f 1002 1020 1021 1003
f 1003 1021 1022 1004
f 1004 1022 1023 1005
f 1005 1023 1024 1006
f 1006 1024 1025 1007
f 1007 1025 1026 1008
f 1008 1026 1027 1009
f 1009 1027 1028 1010
f 1010 1028 1029 1011
f 1011 1029 1030 1012
f 1012 1030 1031 1013
f 1013 1031 1032 1014
f 1014 1032 1033 1015
f 1015 1033 1016 998
f 1016 1034 1035 1017
f 1017 1035 1036 1018
f 1018 1036 1037 1019
f 1019 1037 1038 1020
f 1020 1038 1039 1021
f 1021 1039 1040 1022
f 1022 1040 1041 1023
f 1023 1041 1042 1024
f 1024 1042 1043 1025
f 1025 1043 1044 1026
f 1026 1044 1045 1027
f 1027 1045 1046 1028
f 1028 1046 1047 1029
f 1029 1047 1048 1030
f 1030 1048 1049 1031
f 1031 1049 1050 1032
f 1032 1050 1051 1033
f 1033 1051 1034 1016
f 1034 1052 1053 1035
f 1035 1053 1054 1036
f 1036 1054 1055 1037
f 1037 1055 1056 1038
f 1038 1056 1057 1039
f 1039 1057 1058 1040
f 1040 1058 1059 1041
f 1041 1059 1060 1042
f 1042 1060 1061 1043
f 1043 1061 1062 1044
f 1044 1062 1063 1045
f 1045 1063 1064 1046
f 1046 1064 1065 1047
f 1047 1065 1066 1048
f 1048 1066 1067 1049
f 1049 1067 1068 1050
f 1050 1068 1069 1051
f 1051 1069 1052 1034
f 1052 1070 1071 1053
f 1053 1071 1072 1054
f 1054 1072 1073 1055
f 1055 1073 1074 1056
f 1056 1074 1075 1057
f 1057 1075 1076 1058
f 1058 1076 1077 1059
f 1059 1077 1078 1060
f 1060 1078 1079 1061
f 1061 1079 1080 1062
f 1062 1080 1081 1063
f 1063 1081 1082 1064
f 1064 1082 1083 1065
f 1065 1083 1084 1066
f 1066 1084 1085 1067
f 1067 1085 1086 1068
f 1068 1086 1087 1069
f 1069 1087 1070 1052
f 1070 1088 1089 1071
f 1071 1089 1090 1072
f 1072 1090 1091 1073
f 1073 1091 1092 1074
f 1074 1092 1093 1075
f 1075 1093 1094 1076
f 1076 1094 1095 1077
f 1077 1095 1096 1078
f 1078 1096 1097 1079
f 1079 1097 1098 1080
f 1080 1098 1099 1081
f 1081 1099 1100 1082
f 1082 1100 1101 1083
f 1083 1101 1102 1084
f 1084 1102 1103 1085
f 1085 1103 1104 1086
f 1086 1104 1105 1087
f 1087 1105 1088 1070
f 1088 1106 1107 1089
f 1089 1107 1108 1090
f 1090 1108 1109 1091
f 1091 1109 1110 1092
f 1092 1110 1111 1093
f 1093 1111 1112 1094
f 1094 1112 1113 1095
f 1095 1113 1114 1096
f 1096 1114 1115 1097
f 1097 1115 1116 1098
f 1098 1116 1117 1099
f 1099 1117 1118 1100
f 1100 1118 1119 1101
f 1101 1119 1120 1102
f 1102 1120 1121 1103
f 1103 1121 1122 1104
f 1104 1122 1123 1105
f 1105 1123 1106 1088
f 1124 1107 1106
f 1124 1108 1107
f 1124 1109 1108
f 1124 1110 1109
f 1124 1111 1110
f 1124 1112 1111
f 1124 1113 1112
f 1124 1114 1113
f 1124 1115 1114
f 1124 1116 1115
f 1124 1117 1116
f 1124 1118 1117
f 1124 1119 1118
f 1124 1120 1119
f 1124 1121 1120
f 1124 1122 1121
f 1124 1123 1122
f 1124 1106 1123
o Toe_4
usemtl PaleGold
s 1
f 1125 1126 1127
f 1125 1127 1128
f 1125 1128 1129
f 1125 1129 1130
f 1125 1130 1131
f 1125 1131 1132
f 1125 1132 1133
f 1125 1133 1134
f 1125 1134 1135
f 1125 1135 1136
f 1125 1136 1137
f 1125 1137 1138
f 1125 1138 1139
f 1125 1139 1140
f 1125 1140 1141
f 1125 1141 1142
f 1125 1142 1143
f 1125 1143 1126
f 1126 1144 1145 1127
f 1127 1145 1146 1128
f 1128 1146 1147 1129
f 1129 1147 1148 1130
f 1130 1148 1149 1131
f 1131 1149 1150 1132
f 1132 1150 1151 1133
f 1133 1151 1152 1134
f 1134 1152 1153 1135
f 1135 1153 1154 1136
f 1136 1154 1155 1137
f 1137 1155 1156 1138
f 1138 1156 1157 1139
f 1139 1157 1158 1140
f 1140 1158 1159 1141
f 1141 1159 1160 1142
f 1142 1160 1161 1143
f 1143 1161 1144 1126
f 1144 1162 1163 1145
f 1145 1163 1164 1146
f 1146 1164 1165 1147
f 1147 1165 1166 1148
f 1148 1166 1167 1149
f 1149 1167 1168 1150
f 1150 1168 1169 1151
f 1151 1169 1170 1152
f 1152 1170 1171 1153
f 1153 1171 1172 1154
f 1154 1172 1173 1155
f 1155 1173 1174 1156
f 1156 1174 1175 1157
f 1157 1175 1176 1158
f 1158 1176 1177 1159
f 1159 1177 1178 1160
f 1160 1178 1179 1161
f 1161 1179 1162 1144
f 1162 1180 1181 1163
f 1163 1181 1182 1164
f 1164 1182 1183 1165
f 1165 1183 1184 1166
f 1166 1184 1185 1167
f 1167 1185 1186 1168
f 1168 1186 1187 1169
f 1169 1187 1188 1170
f 1170 1188 1189 1171
f 1171 1189 1190 1172
f 1172 1190 1191 1173
f 1173 1191 1192 1174
f 1174 1192 1193 1175
f 1175 1193 1194 1176
f 1176 1194 1195 1177
f 1177 1195 1196 1178
f 1178 1196 1197 1179
f 1179 1197 1180 1162
f 1180 1198 1199 1181
f 1181 1199 1200 1182
f 1182 1200 1201 1183
f 1183 1201 1202 1184
f 1184 1202 1203 1185
f 1185 1203 1204 1186
f 1186 1204 1205 1187
f 1187 1205 1206 1188
f 1188 1206 1207 1189
f 1189 1207 1208 1190
f 1190 1208 1209 1191
f 1191 1209 1210 1192
f 1192 1210 1211 1193
f 1193 1211 1212 1194
f 1194 1212 1213 1195
f 1195 1213 1214 1196
f 1196 1214 1215 1197
f 1197 1215 1198 1180
f 1198 1216 1217 1199
f 1199 1217 1218 1200
f 1200 1218 1219 1201
f 1201 1219 1220 1202
f 1202 1220 1221 1203
f 1203 1221 1222 1204
f 1204 1222 1223 1205
f 1205 1223 1224 1206
f 1206 1224 1225 1207
f 1207 1225 1226 1208
f 1208 1226 1227 1209
f 1209 1227 1228 1210
f 1210 1228 1229 1211
f 1211 1229 1230 1212
f 1212 1230 1231 1213
f 1213 1231 1232 1214
f 1214 1232 1233 1215
f 1215 1233 1216 1198
f 1216 1234 1235 1217
f 1217 1235 1236 1218
f 1218 1236 1237 1219
f 1219 1237 1238 1220
f 1220 1238 1239 1221
f 1221 1239 1240 1222
f 1222 1240 1241 1223
f 1223 1241 1242 1224
f 1224 1242 1243 1225
f 1225 1243 1244 1226
f 1226 1244 1245 1227
f 1227 1245 1246 1228
f 1228 1246 1247 1229
f 1229 1247 1248 1230
f 1230 1248 1249 1231
f 1231 1249 1250 1232
f 1232 1250 1251 1233
f 1233 1251 1234 1216
f 1234 1252 1253 1235
f 1235 1253 1254 1236
f 1236 1254 1255 1237
f 1237 1255 1256 1238
f 1238 1256 1257 1239
f 1239 1257 1258 1240
f 1240 1258 1259 1241
f 1241 1259 1260 1242
f 1242 1260 1261 1243
f 1243 1261 1262 1244
f 1244 1262 1263 1245
f 1245 1263 1264 1246
f 1246 1264 1265 1247
f 1247 1265 1266 1248
f 1248 1266 1267 1249
f 1249 1267 1268 1250
f 1250 1268 1269 1251
f 1251 1269 1252 1234
f 1252 1270 1271 1253
f 1253 1271 1272 1254
f 1254 1272 1273 1255
f 1255 1273 1274 1256
f 1256 1274 1275 1257
f 1257 1275 1276 1258
f 1258 1276 1277 1259
f 1259 1277 1278 1260
f 1260 1278 1279 1261
f 1261 1279 1280 1262
f 1262 1280 1281 1263
f 1263 1281 1282 1264
f 1264 1282 1283 1265
f 1265 1283 1284 1266
f 1266 1284 1285 1267
f 1267 1285 1286 1268
f 1268 1286 1287 1269
f 1269 1287 1270 1252
f 1288 1271 1270
f 1288 1272 1271
f 1288 1273 1272
f 1288 1274 1273
f 1288 1275 1274
f 1288 1276 1275
f 1288 1277 1276
f 1288 1278 1277
f 1288 1279 1278
f 1288 1280 1279
f 1288 1281 1280
f 1288 1282 1281
f 1288 1283 1282
f 1288 1284 1283
f 1288 1285 1284
f 1288 1286 1285
f 1288 1287 1286
f 1288 1270 1287
o Ear_Left
usemtl PaleGold
s off
f 1289 1290 1295 1294
f 1299 1290 1289
f 1290 1291 1296 1295
f 1299 1291 1290
f 1291 1292 1297 1296
f 1299 1292 1291
f 1292 1293 1298 1297
f 1299 1293 1292
f 1293 1289 1294 1298
f 1299 1289 1293
o Ear_Right
usemtl PaleGold
s off
f 1301 1302 1307 1306
f 1311 1302 1301
f 1302 1303 1308 1307
f 1311 1303 1302
f 1303 1304 1309 1308
f 1311 1304 1303
f 1304 1305 1310 1309
f 1311 1305 1304
f 1305 1301 1306 1310
f 1311 1301 1305
o LuckyCrystal
usemtl CyanCrystal
s off
f 1313 1314 1320 1319
f 1314 1315 1321 1320
f 1315 1316 1322 1321
f 1316 1317 1323 1322
f 1317 1318 1324 1323
f 1318 1313 1319 1324
f 1319 1320 1326 1325
f 1320 1321 1327 1326
f 1321 1322 1328 1327
f 1322 1323 1329 1328
f 1323 1324 1330 1329
f 1324 1319 1325 1330
f 1325 1326 1331
f 1326 1327 1331
f 1327 1328 1331
f 1328 1329 1331
f 1329 1330 1331
f 1330 1325 1331
f 1318 1317 1316 1315 1314 1313
o Cloud_1
usemtl CloudBlue
s 1
f 1332 1333 1334
f 1332 1334 1335
f 1332 1335 1336
f 1332 1336 1337
f 1332 1337 1338
f 1332 1338 1339
f 1332 1339 1340
f 1332 1340 1341
f 1332 1341 1342
f 1332 1342 1343
f 1332 1343 1344
f 1332 1344 1345
f 1332 1345 1346
f 1332 1346 1347
f 1332 1347 1348
f 1332 1348 1349
f 1332 1349 1350
f 1332 1350 1333
f 1333 1351 1352 1334
f 1334 1352 1353 1335
f 1335 1353 1354 1336
f 1336 1354 1355 1337
f 1337 1355 1356 1338
f 1338 1356 1357 1339
f 1339 1357 1358 1340
f 1340 1358 1359 1341
f 1341 1359 1360 1342
f 1342 1360 1361 1343
f 1343 1361 1362 1344
f 1344 1362 1363 1345
f 1345 1363 1364 1346
f 1346 1364 1365 1347
f 1347 1365 1366 1348
f 1348 1366 1367 1349
f 1349 1367 1368 1350
f 1350 1368 1351 1333
f 1351 1369 1370 1352
f 1352 1370 1371 1353
f 1353 1371 1372 1354
f 1354 1372 1373 1355
f 1355 1373 1374 1356
f 1356 1374 1375 1357
f 1357 1375 1376 1358
f 1358 1376 1377 1359
f 1359 1377 1378 1360
f 1360 1378 1379 1361
f 1361 1379 1380 1362
f 1362 1380 1381 1363
f 1363 1381 1382 1364
f 1364 1382 1383 1365
f 1365 1383 1384 1366
f 1366 1384 1385 1367
f 1367 1385 1386 1368
f 1368 1386 1369 1351
f 1369 1387 1388 1370
f 1370 1388 1389 1371
f 1371 1389 1390 1372
f 1372 1390 1391 1373
f 1373 1391 1392 1374
f 1374 1392 1393 1375
f 1375 1393 1394 1376
f 1376 1394 1395 1377
f 1377 1395 1396 1378
f 1378 1396 1397 1379
f 1379 1397 1398 1380
f 1380 1398 1399 1381
f 1381 1399 1400 1382
f 1382 1400 1401 1383
f 1383 1401 1402 1384
f 1384 1402 1403 1385
f 1385 1403 1404 1386
f 1386 1404 1387 1369
f 1387 1405 1406 1388
f 1388 1406 1407 1389
f 1389 1407 1408 1390
f 1390 1408 1409 1391
f 1391 1409 1410 1392
f 1392 1410 1411 1393
f 1393 1411 1412 1394
f 1394 1412 1413 1395
f 1395 1413 1414 1396
f 1396 1414 1415 1397
f 1397 1415 1416 1398
f 1398 1416 1417 1399
f 1399 1417 1418 1400
f 1400 1418 1419 1401
f 1401 1419 1420 1402
f 1402 1420 1421 1403
f 1403 1421 1422 1404
f 1404 1422 1405 1387
f 1405 1423 1424 1406
f 1406 1424 1425 1407
f 1407 1425 1426 1408
f 1408 1426 1427 1409
f 1409 1427 1428 1410
f 1410 1428 1429 1411
f 1411 1429 1430 1412
f 1412 1430 1431 1413
f 1413 1431 1432 1414
f 1414 1432 1433 1415
f 1415 1433 1434 1416
f 1416 1434 1435 1417
f 1417 1435 1436 1418
f 1418 1436 1437 1419
f 1419 1437 1438 1420
f 1420 1438 1439 1421
f 1421 1439 1440 1422
f 1422 1440 1423 1405
f 1423 1441 1442 1424
f 1424 1442 1443 1425
f 1425 1443 1444 1426
f 1426 1444 1445 1427
f 1427 1445 1446 1428
f 1428 1446 1447 1429
f 1429 1447 1448 1430
f 1430 1448 1449 1431
f 1431 1449 1450 1432
f 1432 1450 1451 1433
f 1433 1451 1452 1434
f 1434 1452 1453 1435
f 1435 1453 1454 1436
f 1436 1454 1455 1437
f 1437 1455 1456 1438
f 1438 1456 1457 1439
f 1439 1457 1458 1440
f 1440 1458 1441 1423
f 1441 1459 1460 1442
f 1442 1460 1461 1443
f 1443 1461 1462 1444
f 1444 1462 1463 1445
f 1445 1463 1464 1446
f 1446 1464 1465 1447
f 1447 1465 1466 1448
f 1448 1466 1467 1449
f 1449 1467 1468 1450
f 1450 1468 1469 1451
f 1451 1469 1470 1452
f 1452 1470 1471 1453
f 1453 1471 1472 1454
f 1454 1472 1473 1455
f 1455 1473 1474 1456
f 1456 1474 1475 1457
f 1457 1475 1476 1458
f 1458 1476 1459 1441
f 1459 1477 1478 1460
f 1460 1478 1479 1461
f 1461 1479 1480 1462
f 1462 1480 1481 1463
f 1463 1481 1482 1464
f 1464 1482 1483 1465
f 1465 1483 1484 1466
f 1466 1484 1485 1467
f 1467 1485 1486 1468
f 1468 1486 1487 1469
f 1469 1487 1488 1470
f 1470 1488 1489 1471
f 1471 1489 1490 1472
f 1472 1490 1491 1473
f 1473 1491 1492 1474
f 1474 1492 1493 1475
f 1475 1493 1494 1476
f 1476 1494 1477 1459
f 1495 1478 1477
f 1495 1479 1478
f 1495 1480 1479
f 1495 1481 1480
f 1495 1482 1481
f 1495 1483 1482
f 1495 1484 1483
f 1495 1485 1484
f 1495 1486 1485
f 1495 1487 1486
f 1495 1488 1487
f 1495 1489 1488
f 1495 1490 1489
f 1495 1491 1490
f 1495 1492 1491
f 1495 1493 1492
f 1495 1494 1493
f 1495 1477 1494
o Cloud_2
usemtl CloudBlue
s 1
f 1496 1497 1498
f 1496 1498 1499
f 1496 1499 1500
f 1496 1500 1501
f 1496 1501 1502
f 1496 1502 1503
f 1496 1503 1504
f 1496 1504 1505
f 1496 1505 1506
f 1496 1506 1507
f 1496 1507 1508
f 1496 1508 1509
f 1496 1509 1510
f 1496 1510 1511
f 1496 1511 1512
f 1496 1512 1513
f 1496 1513 1514
f 1496 1514 1497
f 1497 1515 1516 1498
f 1498 1516 1517 1499
f 1499 1517 1518 1500
f 1500 1518 1519 1501
f 1501 1519 1520 1502
f 1502 1520 1521 1503
f 1503 1521 1522 1504
f 1504 1522 1523 1505
f 1505 1523 1524 1506
f 1506 1524 1525 1507
f 1507 1525 1526 1508
f 1508 1526 1527 1509
f 1509 1527 1528 1510
f 1510 1528 1529 1511
f 1511 1529 1530 1512
f 1512 1530 1531 1513
f 1513 1531 1532 1514
f 1514 1532 1515 1497
f 1515 1533 1534 1516
f 1516 1534 1535 1517
f 1517 1535 1536 1518
f 1518 1536 1537 1519
f 1519 1537 1538 1520
f 1520 1538 1539 1521
f 1521 1539 1540 1522
f 1522 1540 1541 1523
f 1523 1541 1542 1524
f 1524 1542 1543 1525
f 1525 1543 1544 1526
f 1526 1544 1545 1527
f 1527 1545 1546 1528
f 1528 1546 1547 1529
f 1529 1547 1548 1530
f 1530 1548 1549 1531
f 1531 1549 1550 1532
f 1532 1550 1533 1515
f 1533 1551 1552 1534
f 1534 1552 1553 1535
f 1535 1553 1554 1536
f 1536 1554 1555 1537
f 1537 1555 1556 1538
f 1538 1556 1557 1539
f 1539 1557 1558 1540
f 1540 1558 1559 1541
f 1541 1559 1560 1542
f 1542 1560 1561 1543
f 1543 1561 1562 1544
f 1544 1562 1563 1545
f 1545 1563 1564 1546
f 1546 1564 1565 1547
f 1547 1565 1566 1548
f 1548 1566 1567 1549
f 1549 1567 1568 1550
f 1550 1568 1551 1533
f 1551 1569 1570 1552
f 1552 1570 1571 1553
f 1553 1571 1572 1554
f 1554 1572 1573 1555
f 1555 1573 1574 1556
f 1556 1574 1575 1557
f 1557 1575 1576 1558
f 1558 1576 1577 1559
f 1559 1577 1578 1560
f 1560 1578 1579 1561
f 1561 1579 1580 1562
f 1562 1580 1581 1563
f 1563 1581 1582 1564
f 1564 1582 1583 1565
f 1565 1583 1584 1566
f 1566 1584 1585 1567
f 1567 1585 1586 1568
f 1568 1586 1569 1551
f 1569 1587 1588 1570
f 1570 1588 1589 1571
f 1571 1589 1590 1572
f 1572 1590 1591 1573
f 1573 1591 1592 1574
f 1574 1592 1593 1575
f 1575 1593 1594 1576
f 1576 1594 1595 1577
f 1577 1595 1596 1578
f 1578 1596 1597 1579
f 1579 1597 1598 1580
f 1580 1598 1599 1581
f 1581 1599 1600 1582
f 1582 1600 1601 1583
f 1583 1601 1602 1584
f 1584 1602 1603 1585
f 1585 1603 1604 1586
f 1586 1604 1587 1569
f 1587 1605 1606 1588
f 1588 1606 1607 1589
f 1589 1607 1608 1590
f 1590 1608 1609 1591
f 1591 1609 1610 1592
f 1592 1610 1611 1593
f 1593 1611 1612 1594
f 1594 1612 1613 1595
f 1595 1613 1614 1596
f 1596 1614 1615 1597
f 1597 1615 1616 1598
f 1598 1616 1617 1599
f 1599 1617 1618 1600
f 1600 1618 1619 1601
f 1601 1619 1620 1602
f 1602 1620 1621 1603
f 1603 1621 1622 1604
f 1604 1622 1605 1587
f 1605 1623 1624 1606
f 1606 1624 1625 1607
f 1607 1625 1626 1608
f 1608 1626 1627 1609
f 1609 1627 1628 1610
f 1610 1628 1629 1611
f 1611 1629 1630 1612
f 1612 1630 1631 1613
f 1613 1631 1632 1614
f 1614 1632 1633 1615
f 1615 1633 1634 1616
f 1616 1634 1635 1617
f 1617 1635 1636 1618
f 1618 1636 1637 1619
f 1619 1637 1638 1620
f 1620 1638 1639 1621
f 1621 1639 1640 1622
f 1622 1640 1623 1605
f 1623 1641 1642 1624
f 1624 1642 1643 1625
f 1625 1643 1644 1626
f 1626 1644 1645 1627
f 1627 1645 1646 1628
f 1628 1646 1647 1629
f 1629 1647 1648 1630
f 1630 1648 1649 1631
f 1631 1649 1650 1632
f 1632 1650 1651 1633
f 1633 1651 1652 1634
f 1634 1652 1653 1635
f 1635 1653 1654 1636
f 1636 1654 1655 1637
f 1637 1655 1656 1638
f 1638 1656 1657 1639
f 1639 1657 1658 1640
f 1640 1658 1641 1623
f 1659 1642 1641
f 1659 1643 1642
f 1659 1644 1643
f 1659 1645 1644
f 1659 1646 1645
f 1659 1647 1646
f 1659 1648 1647
f 1659 1649 1648
f 1659 1650 1649
f 1659 1651 1650
f 1659 1652 1651
f 1659 1653 1652
f 1659 1654 1653
f 1659 1655 1654
f 1659 1656 1655
f 1659 1657 1656
f 1659 1658 1657
f 1659 1641 1658
o Cloud_3
usemtl CloudBlue
s 1
f 1660 1661 1662
f 1660 1662 1663
f 1660 1663 1664
f 1660 1664 1665
f 1660 1665 1666
f 1660 1666 1667
f 1660 1667 1668
f 1660 1668 1669
f 1660 1669 1670
f 1660 1670 1671
f 1660 1671 1672
f 1660 1672 1673
f 1660 1673 1674
f 1660 1674 1675
f 1660 1675 1676
f 1660 1676 1677
f 1660 1677 1678
f 1660 1678 1661
f 1661 1679 1680 1662
f 1662 1680 1681 1663
f 1663 1681 1682 1664
f 1664 1682 1683 1665
f 1665 1683 1684 1666
f 1666 1684 1685 1667
f 1667 1685 1686 1668
f 1668 1686 1687 1669
f 1669 1687 1688 1670
f 1670 1688 1689 1671
f 1671 1689 1690 1672
f 1672 1690 1691 1673
f 1673 1691 1692 1674
f 1674 1692 1693 1675
f 1675 1693 1694 1676
f 1676 1694 1695 1677
f 1677 1695 1696 1678
f 1678 1696 1679 1661
f 1679 1697 1698 1680
f 1680 1698 1699 1681
f 1681 1699 1700 1682
f 1682 1700 1701 1683
f 1683 1701 1702 1684
f 1684 1702 1703 1685
f 1685 1703 1704 1686
f 1686 1704 1705 1687
f 1687 1705 1706 1688
f 1688 1706 1707 1689
f 1689 1707 1708 1690
f 1690 1708 1709 1691
f 1691 1709 1710 1692
f 1692 1710 1711 1693
f 1693 1711 1712 1694
f 1694 1712 1713 1695
f 1695 1713 1714 1696
f 1696 1714 1697 1679
f 1697 1715 1716 1698
f 1698 1716 1717 1699
f 1699 1717 1718 1700
f 1700 1718 1719 1701
f 1701 1719 1720 1702
f 1702 1720 1721 1703
f 1703 1721 1722 1704
f 1704 1722 1723 1705
f 1705 1723 1724 1706
f 1706 1724 1725 1707
f 1707 1725 1726 1708
f 1708 1726 1727 1709
f 1709 1727 1728 1710
f 1710 1728 1729 1711
f 1711 1729 1730 1712
f 1712 1730 1731 1713
f 1713 1731 1732 1714
f 1714 1732 1715 1697
f 1715 1733 1734 1716
f 1716 1734 1735 1717
f 1717 1735 1736 1718
f 1718 1736 1737 1719
f 1719 1737 1738 1720
f 1720 1738 1739 1721
f 1721 1739 1740 1722
f 1722 1740 1741 1723
f 1723 1741 1742 1724
f 1724 1742 1743 1725
f 1725 1743 1744 1726
f 1726 1744 1745 1727
f 1727 1745 1746 1728
f 1728 1746 1747 1729
f 1729 1747 1748 1730
f 1730 1748 1749 1731
f 1731 1749 1750 1732
f 1732 1750 1733 1715
f 1733 1751 1752 1734
f 1734 1752 1753 1735
f 1735 1753 1754 1736
f 1736 1754 1755 1737
f 1737 1755 1756 1738
f 1738 1756 1757 1739
f 1739 1757 1758 1740
f 1740 1758 1759 1741
f 1741 1759 1760 1742
f 1742 1760 1761 1743
f 1743 1761 1762 1744
f 1744 1762 1763 1745
f 1745 1763 1764 1746
f 1746 1764 1765 1747
f 1747 1765 1766 1748
f 1748 1766 1767 1749
f 1749 1767 1768 1750
f 1750 1768 1751 1733
f 1751 1769 1770 1752
f 1752 1770 1771 1753
f 1753 1771 1772 1754
f 1754 1772 1773 1755
f 1755 1773 1774 1756
f 1756 1774 1775 1757
f 1757 1775 1776 1758
f 1758 1776 1777 1759
f 1759 1777 1778 1760
f 1760 1778 1779 1761
f 1761 1779 1780 1762
f 1762 1780 1781 1763
f 1763 1781 1782 1764
f 1764 1782 1783 1765
f 1765 1783 1784 1766
f 1766 1784 1785 1767
f 1767 1785 1786 1768
f 1768 1786 1769 1751
f 1769 1787 1788 1770
f 1770 1788 1789 1771
f 1771 1789 1790 1772
f 1772 1790 1791 1773
f 1773 1791 1792 1774
f 1774 1792 1793 1775
f 1775 1793 1794 1776
f 1776 1794 1795 1777
f 1777 1795 1796 1778
f 1778 1796 1797 1779
f 1779 1797 1798 1780
f 1780 1798 1799 1781
f 1781 1799 1800 1782
f 1782 1800 1801 1783
f 1783 1801 1802 1784
f 1784 1802 1803 1785
f 1785 1803 1804 1786
f 1786 1804 1787 1769
f 1787 1805 1806 1788
f 1788 1806 1807 1789
f 1789 1807 1808 1790
f 1790 1808 1809 1791
f 1791 1809 1810 1792
f 1792 1810 1811 1793
f 1793 1811 1812 1794
f 1794 1812 1813 1795
f 1795 1813 1814 1796
f 1796 1814 1815 1797
f 1797 1815 1816 1798
f 1798 1816 1817 1799
f 1799 1817 1818 1800
f 1800 1818 1819 1801
f 1801 1819 1820 1802
f 1802 1820 1821 1803
f 1803 1821 1822 1804
f 1804 1822 1805 1787
f 1823 1806 1805
f 1823 1807 1806
f 1823 1808 1807
f 1823 1809 1808
f 1823 1810 1809
f 1823 1811 1810
f 1823 1812 1811
f 1823 1813 1812
f 1823 1814 1813
f 1823 1815 1814
f 1823 1816 1815
f 1823 1817 1816
f 1823 1818 1817
f 1823 1819 1818
f 1823 1820 1819
f 1823 1821 1820
f 1823 1822 1821
f 1823 1805 1822
o Cloud_4
usemtl CloudBlue
s 1
f 1824 1825 1826
f 1824 1826 1827
f 1824 1827 1828
f 1824 1828 1829
f 1824 1829 1830
f 1824 1830 1831
f 1824 1831 1832
f 1824 1832 1833
f 1824 1833 1834
f 1824 1834 1835
f 1824 1835 1836
f 1824 1836 1837
f 1824 1837 1838
f 1824 1838 1839
f 1824 1839 1840
f 1824 1840 1841
f 1824 1841 1842
f 1824 1842 1825
f 1825 1843 1844 1826
f 1826 1844 1845 1827
f 1827 1845 1846 1828
f 1828 1846 1847 1829
f 1829 1847 1848 1830
f 1830 1848 1849 1831
f 1831 1849 1850 1832
f 1832 1850 1851 1833
f 1833 1851 1852 1834
f 1834 1852 1853 1835
f 1835 1853 1854 1836
f 1836 1854 1855 1837
f 1837 1855 1856 1838
f 1838 1856 1857 1839
f 1839 1857 1858 1840
f 1840 1858 1859 1841
f 1841 1859 1860 1842
f 1842 1860 1843 1825
f 1843 1861 1862 1844
f 1844 1862 1863 1845
f 1845 1863 1864 1846
f 1846 1864 1865 1847
f 1847 1865 1866 1848
f 1848 1866 1867 1849
f 1849 1867 1868 1850
f 1850 1868 1869 1851
f 1851 1869 1870 1852
f 1852 1870 1871 1853
f 1853 1871 1872 1854
f 1854 1872 1873 1855
f 1855 1873 1874 1856
f 1856 1874 1875 1857
f 1857 1875 1876 1858
f 1858 1876 1877 1859
f 1859 1877 1878 1860
f 1860 1878 1861 1843
f 1861 1879 1880 1862
f 1862 1880 1881 1863
f 1863 1881 1882 1864
f 1864 1882 1883 1865
f 1865 1883 1884 1866
f 1866 1884 1885 1867
f 1867 1885 1886 1868
f 1868 1886 1887 1869
f 1869 1887 1888 1870
f 1870 1888 1889 1871
f 1871 1889 1890 1872
f 1872 1890 1891 1873
f 1873 1891 1892 1874
f 1874 1892 1893 1875
f 1875 1893 1894 1876
f 1876 1894 1895 1877
f 1877 1895 1896 1878
f 1878 1896 1879 1861
f 1879 1897 1898 1880
f 1880 1898 1899 1881
f 1881 1899 1900 1882
f 1882 1900 1901 1883
f 1883 1901 1902 1884
f 1884 1902 1903 1885
f 1885 1903 1904 1886
f 1886 1904 1905 1887
f 1887 1905 1906 1888
f 1888 1906 1907 1889
f 1889 1907 1908 1890
f 1890 1908 1909 1891
f 1891 1909 1910 1892
f 1892 1910 1911 1893
f 1893 1911 1912 1894
f 1894 1912 1913 1895
f 1895 1913 1914 1896
f 1896 1914 1897 1879
f 1897 1915 1916 1898
f 1898 1916 1917 1899
f 1899 1917 1918 1900
f 1900 1918 1919 1901
f 1901 1919 1920 1902
f 1902 1920 1921 1903
f 1903 1921 1922 1904
f 1904 1922 1923 1905
f 1905 1923 1924 1906
f 1906 1924 1925 1907
f 1907 1925 1926 1908
f 1908 1926 1927 1909
f 1909 1927 1928 1910
f 1910 1928 1929 1911
f 1911 1929 1930 1912
f 1912 1930 1931 1913
f 1913 1931 1932 1914
f 1914 1932 1915 1897
f 1915 1933 1934 1916
f 1916 1934 1935 1917
f 1917 1935 1936 1918
f 1918 1936 1937 1919
f 1919 1937 1938 1920
f 1920 1938 1939 1921
f 1921 1939 1940 1922
f 1922 1940 1941 1923
f 1923 1941 1942 1924
f 1924 1942 1943 1925
f 1925 1943 1944 1926
f 1926 1944 1945 1927
f 1927 1945 1946 1928
f 1928 1946 1947 1929
f 1929 1947 1948 1930
f 1930 1948 1949 1931
f 1931 1949 1950 1932
f 1932 1950 1933 1915
f 1933 1951 1952 1934
f 1934 1952 1953 1935
f 1935 1953 1954 1936
f 1936 1954 1955 1937
f 1937 1955 1956 1938
f 1938 1956 1957 1939
f 1939 1957 1958 1940
f 1940 1958 1959 1941
f 1941 1959 1960 1942
f 1942 1960 1961 1943
f 1943 1961 1962 1944
f 1944 1962 1963 1945
f 1945 1963 1964 1946
f 1946 1964 1965 1947
f 1947 1965 1966 1948
f 1948 1966 1967 1949
f 1949 1967 1968 1950
f 1950 1968 1951 1933
f 1951 1969 1970 1952
f 1952 1970 1971 1953
f 1953 1971 1972 1954
f 1954 1972 1973 1955
f 1955 1973 1974 1956
f 1956 1974 1975 1957
f 1957 1975 1976 1958
f 1958 1976 1977 1959
f 1959 1977 1978 1960
f 1960 1978 1979 1961
f 1961 1979 1980 1962
f 1962 1980 1981 1963
f 1963 1981 1982 1964
f 1964 1982 1983 1965
f 1965 1983 1984 1966
f 1966 1984 1985 1967
f 1967 1985 1986 1968
f 1968 1986 1969 1951
f 1987 1970 1969
f 1987 1971 1970
f 1987 1972 1971
f 1987 1973 1972
f 1987 1974 1973
f 1987 1975 1974
f 1987 1976 1975
f 1987 1977 1976
f 1987 1978 1977
f 1987 1979 1978
f 1987 1980 1979
f 1987 1981 1980
f 1987 1982 1981
f 1987 1983 1982
f 1987 1984 1983
f 1987 1985 1984
f 1987 1986 1985
f 1987 1969 1986
o Sparkle_1
usemtl CyanCrystal
s off
f 1988 1991 1990 1989
f 1992 1993 1994 1995
f 1988 1989 1993 1992
f 1989 1990 1994 1993
f 1990 1991 1995 1994
f 1991 1988 1992 1995
o Sparkle_2
usemtl CyanCrystal
s off
f 1996 1999 1998 1997
f 2000 2001 2002 2003
f 1996 1997 2001 2000
f 1997 1998 2002 2001
f 1998 1999 2003 2002
f 1999 1996 2000 2003
