# HolyLight_Shrine
mtllib WorldEventMaterials.mtl
v 2.300000 0.000000 -0.060000
v 1.991858 1.150000 -0.060000
v 1.150000 1.991858 -0.060000
v 0.000000 2.300000 -0.060000
v -1.150000 1.991858 -0.060000
v -1.991858 1.150000 -0.060000
v -2.300000 0.000000 -0.060000
v -1.991858 -1.150000 -0.060000
v -1.150000 -1.991858 -0.060000
v -0.000000 -2.300000 -0.060000
v 1.150000 -1.991858 -0.060000
v 1.991858 -1.150000 -0.060000
v 2.300000 0.000000 0.160000
v 1.991858 1.150000 0.160000
v 1.150000 1.991858 0.160000
v 0.000000 2.300000 0.160000
v -1.150000 1.991858 0.160000
v -1.991858 1.150000 0.160000
v -2.300000 0.000000 0.160000
v -1.991858 -1.150000 0.160000
v -1.150000 -1.991858 0.160000
v -0.000000 -2.300000 0.160000
v 1.150000 -1.991858 0.160000
v 1.991858 -1.150000 0.160000
v 0.000000 0.000000 -0.060000
v 0.000000 0.000000 0.160000
v 2.030000 0.000000 0.160000
v 1.758032 1.015000 0.160000
v 1.015000 1.758032 0.160000
v 0.000000 2.030000 0.160000
v -1.015000 1.758032 0.160000
v -1.758032 1.015000 0.160000
v -2.030000 0.000000 0.160000
v -1.758032 -1.015000 0.160000
v -1.015000 -1.758032 0.160000
v -0.000000 -2.030000 0.160000
v 1.015000 -1.758032 0.160000
v 1.758032 -1.015000 0.160000
v 2.030000 0.000000 0.280000
v 1.758032 1.015000 0.280000
v 1.015000 1.758032 0.280000
v 0.000000 2.030000 0.280000
v -1.015000 1.758032 0.280000
v -1.758032 1.015000 0.280000
v -2.030000 0.000000 0.280000
v -1.758032 -1.015000 0.280000
v -1.015000 -1.758032 0.280000
v -0.000000 -2.030000 0.280000
v 1.015000 -1.758032 0.280000
v 1.758032 -1.015000 0.280000
v 0.000000 0.000000 0.160000
v 0.000000 0.000000 0.280000
v 1.680000 0.000000 0.260000
v 1.454923 0.840000 0.260000
v 0.840000 1.454923 0.260000
v 0.000000 1.680000 0.260000
v -0.840000 1.454923 0.260000
v -1.454923 0.840000 0.260000
v -1.680000 0.000000 0.260000
v -1.454923 -0.840000 0.260000
v -0.840000 -1.454923 0.260000
v -0.000000 -1.680000 0.260000
v 0.840000 -1.454923 0.260000
v 1.454923 -0.840000 0.260000
v 1.680000 0.000000 0.480000
v 1.454923 0.840000 0.480000
v 0.840000 1.454923 0.480000
v 0.000000 1.680000 0.480000
v -0.840000 1.454923 0.480000
v -1.454923 0.840000 0.480000
v -1.680000 0.000000 0.480000
v -1.454923 -0.840000 0.480000
v -0.840000 -1.454923 0.480000
v -0.000000 -1.680000 0.480000
v 0.840000 -1.454923 0.480000
v 1.454923 -0.840000 0.480000
v 0.000000 0.000000 0.260000
v 0.000000 0.000000 0.480000
v 1.495000 0.000000 0.530000
v 1.473033 0.000000 0.583033
v 1.420000 0.000000 0.605000
v 1.366967 0.000000 0.583033
v 1.345000 0.000000 0.530000
v 1.366967 0.000000 0.476967
v 1.420000 0.000000 0.455000
v 1.473033 0.000000 0.476967
v 1.476594 0.233870 0.530000
v 1.454898 0.230433 0.583033
v 1.402517 0.222137 0.605000
v 1.350137 0.213841 0.583033
v 1.328441 0.210404 0.530000
v 1.350137 0.213841 0.476967
v 1.402517 0.222137 0.455000
v 1.454898 0.230433 0.476967
v 1.421829 0.461980 0.530000
v 1.400938 0.455192 0.583033
v 1.350500 0.438804 0.605000
v 1.300063 0.422416 0.583033
v 1.279171 0.415628 0.530000
v 1.300063 0.422416 0.476967
v 1.350500 0.438804 0.455000
v 1.400938 0.455192 0.476967
v 1.332055 0.678716 0.530000
v 1.312482 0.668743 0.583033
v 1.265229 0.644667 0.605000
v 1.217977 0.620590 0.583033
v 1.198404 0.610617 0.530000
v 1.217977 0.620590 0.476967
v 1.265229 0.644667 0.455000
v 1.312482 0.668743 0.476967
v 1.209480 0.878739 0.530000
v 1.191709 0.865827 0.583033
v 1.148804 0.834655 0.605000
v 1.105900 0.803483 0.583033
v 1.088128 0.790571 0.530000
v 1.105900 0.803483 0.476967
v 1.148804 0.834655 0.455000
v 1.191709 0.865827 0.476967
v 1.057125 1.057125 0.530000
v 1.041592 1.041592 0.583033
v 1.004092 1.004092 0.605000
v 0.966592 0.966592 0.583033
v 0.951059 0.951059 0.530000
v 0.966592 0.966592 0.476967
v 1.004092 1.004092 0.455000
v 1.041592 1.041592 0.476967
v 0.878739 1.209480 0.530000
v 0.865827 1.191709 0.583033
v 0.834655 1.148804 0.605000
v 0.803483 1.105900 0.583033
v 0.790571 1.088128 0.530000
v 0.803483 1.105900 0.476967
v 0.834655 1.148804 0.455000
v 0.865827 1.191709 0.476967
v 0.678716 1.332055 0.530000
v 0.668743 1.312482 0.583033
v 0.644667 1.265229 0.605000
v 0.620590 1.217977 0.583033
v 0.610617 1.198404 0.530000
v 0.620590 1.217977 0.476967
v 0.644667 1.265229 0.455000
v 0.668743 1.312482 0.476967
v 0.461980 1.421829 0.530000
v 0.455192 1.400938 0.583033
v 0.438804 1.350500 0.605000
v 0.422416 1.300063 0.583033
v 0.415628 1.279171 0.530000
v 0.422416 1.300063 0.476967
v 0.438804 1.350500 0.455000
v 0.455192 1.400938 0.476967
v 0.233870 1.476594 0.530000
v 0.230433 1.454898 0.583033
v 0.222137 1.402517 0.605000
v 0.213841 1.350137 0.583033
v 0.210404 1.328441 0.530000
v 0.213841 1.350137 0.476967
v 0.222137 1.402517 0.455000
v 0.230433 1.454898 0.476967
v 0.000000 1.495000 0.530000
v 0.000000 1.473033 0.583033
v 0.000000 1.420000 0.605000
v 0.000000 1.366967 0.583033
v 0.000000 1.345000 0.530000
v 0.000000 1.366967 0.476967
v 0.000000 1.420000 0.455000
v 0.000000 1.473033 0.476967
v -0.233870 1.476594 0.530000
v -0.230433 1.454898 0.583033
v -0.222137 1.402517 0.605000
v -0.213841 1.350137 0.583033
v -0.210404 1.328441 0.530000
v -0.213841 1.350137 0.476967
v -0.222137 1.402517 0.455000
v -0.230433 1.454898 0.476967
v -0.461980 1.421829 0.530000
v -0.455192 1.400938 0.583033
v -0.438804 1.350500 0.605000
v -0.422416 1.300063 0.583033
v -0.415628 1.279171 0.530000
v -0.422416 1.300063 0.476967
v -0.438804 1.350500 0.455000
v -0.455192 1.400938 0.476967
v -0.678716 1.332055 0.530000
v -0.668743 1.312482 0.583033
v -0.644667 1.265229 0.605000
v -0.620590 1.217977 0.583033
v -0.610617 1.198404 0.530000
v -0.620590 1.217977 0.476967
v -0.644667 1.265229 0.455000
v -0.668743 1.312482 0.476967
v -0.878739 1.209480 0.530000
v -0.865827 1.191709 0.583033
v -0.834655 1.148804 0.605000
v -0.803483 1.105900 0.583033
v -0.790571 1.088128 0.530000
v -0.803483 1.105900 0.476967
v -0.834655 1.148804 0.455000
v -0.865827 1.191709 0.476967
v -1.057125 1.057125 0.530000
v -1.041592 1.041592 0.583033
v -1.004092 1.004092 0.605000
v -0.966592 0.966592 0.583033
v -0.951059 0.951059 0.530000
v -0.966592 0.966592 0.476967
v -1.004092 1.004092 0.455000
v -1.041592 1.041592 0.476967
v -1.209480 0.878739 0.530000
v -1.191709 0.865827 0.583033
v -1.148804 0.834655 0.605000
v -1.105900 0.803483 0.583033
v -1.088128 0.790571 0.530000
v -1.105900 0.803483 0.476967
v -1.148804 0.834655 0.455000
v -1.191709 0.865827 0.476967
v -1.332055 0.678716 0.530000
v -1.312482 0.668743 0.583033
v -1.265229 0.644667 0.605000
v -1.217977 0.620590 0.583033
v -1.198404 0.610617 0.530000
v -1.217977 0.620590 0.476967
v -1.265229 0.644667 0.455000
v -1.312482 0.668743 0.476967
v -1.421829 0.461980 0.530000
v -1.400938 0.455192 0.583033
v -1.350500 0.438804 0.605000
v -1.300063 0.422416 0.583033
v -1.279171 0.415628 0.530000
v -1.300063 0.422416 0.476967
v -1.350500 0.438804 0.455000
v -1.400938 0.455192 0.476967
v -1.476594 0.233870 0.530000
v -1.454898 0.230433 0.583033
v -1.402517 0.222137 0.605000
v -1.350137 0.213841 0.583033
v -1.328441 0.210404 0.530000
v -1.350137 0.213841 0.476967
v -1.402517 0.222137 0.455000
v -1.454898 0.230433 0.476967
v -1.495000 0.000000 0.530000
v -1.473033 0.000000 0.583033
v -1.420000 0.000000 0.605000
v -1.366967 0.000000 0.583033
v -1.345000 0.000000 0.530000
v -1.366967 0.000000 0.476967
v -1.420000 0.000000 0.455000
v -1.473033 0.000000 0.476967
v -1.476594 -0.233870 0.530000
v -1.454898 -0.230433 0.583033
v -1.402517 -0.222137 0.605000
v -1.350137 -0.213841 0.583033
v -1.328441 -0.210404 0.530000
v -1.350137 -0.213841 0.476967
v -1.402517 -0.222137 0.455000
v -1.454898 -0.230433 0.476967
v -1.421829 -0.461980 0.530000
v -1.400938 -0.455192 0.583033
v -1.350500 -0.438804 0.605000
v -1.300063 -0.422416 0.583033
v -1.279171 -0.415628 0.530000
v -1.300063 -0.422416 0.476967
v -1.350500 -0.438804 0.455000
v -1.400938 -0.455192 0.476967
v -1.332055 -0.678716 0.530000
v -1.312482 -0.668743 0.583033
v -1.265229 -0.644667 0.605000
v -1.217977 -0.620590 0.583033
v -1.198404 -0.610617 0.530000
v -1.217977 -0.620590 0.476967
v -1.265229 -0.644667 0.455000
v -1.312482 -0.668743 0.476967
v -1.209480 -0.878739 0.530000
v -1.191709 -0.865827 0.583033
v -1.148804 -0.834655 0.605000
v -1.105900 -0.803483 0.583033
v -1.088128 -0.790571 0.530000
v -1.105900 -0.803483 0.476967
v -1.148804 -0.834655 0.455000
v -1.191709 -0.865827 0.476967
v -1.057125 -1.057125 0.530000
v -1.041592 -1.041592 0.583033
v -1.004092 -1.004092 0.605000
v -0.966592 -0.966592 0.583033
v -0.951059 -0.951059 0.530000
v -0.966592 -0.966592 0.476967
v -1.004092 -1.004092 0.455000
v -1.041592 -1.041592 0.476967
v -0.878739 -1.209480 0.530000
v -0.865827 -1.191709 0.583033
v -0.834655 -1.148804 0.605000
v -0.803483 -1.105900 0.583033
v -0.790571 -1.088128 0.530000
v -0.803483 -1.105900 0.476967
v -0.834655 -1.148804 0.455000
v -0.865827 -1.191709 0.476967
v -0.678716 -1.332055 0.530000
v -0.668743 -1.312482 0.583033
v -0.644667 -1.265229 0.605000
v -0.620590 -1.217977 0.583033
v -0.610617 -1.198404 0.530000
v -0.620590 -1.217977 0.476967
v -0.644667 -1.265229 0.455000
v -0.668743 -1.312482 0.476967
v -0.461980 -1.421829 0.530000
v -0.455192 -1.400938 0.583033
v -0.438804 -1.350500 0.605000
v -0.422416 -1.300063 0.583033
v -0.415628 -1.279171 0.530000
v -0.422416 -1.300063 0.476967
v -0.438804 -1.350500 0.455000
v -0.455192 -1.400938 0.476967
v -0.233870 -1.476594 0.530000
v -0.230433 -1.454898 0.583033
v -0.222137 -1.402517 0.605000
v -0.213841 -1.350137 0.583033
v -0.210404 -1.328441 0.530000
v -0.213841 -1.350137 0.476967
v -0.222137 -1.402517 0.455000
v -0.230433 -1.454898 0.476967
v -0.000000 -1.495000 0.530000
v -0.000000 -1.473033 0.583033
v -0.000000 -1.420000 0.605000
v -0.000000 -1.366967 0.583033
v -0.000000 -1.345000 0.530000
v -0.000000 -1.366967 0.476967
v -0.000000 -1.420000 0.455000
v -0.000000 -1.473033 0.476967
v 0.233870 -1.476594 0.530000
v 0.230433 -1.454898 0.583033
v 0.222137 -1.402517 0.605000
v 0.213841 -1.350137 0.583033
v 0.210404 -1.328441 0.530000
v 0.213841 -1.350137 0.476967
v 0.222137 -1.402517 0.455000
v 0.230433 -1.454898 0.476967
v 0.461980 -1.421829 0.530000
v 0.455192 -1.400938 0.583033
v 0.438804 -1.350500 0.605000
v 0.422416 -1.300063 0.583033
v 0.415628 -1.279171 0.530000
v 0.422416 -1.300063 0.476967
v 0.438804 -1.350500 0.455000
v 0.455192 -1.400938 0.476967
v 0.678716 -1.332055 0.530000
v 0.668743 -1.312482 0.583033
v 0.644667 -1.265229 0.605000
v 0.620590 -1.217977 0.583033
v 0.610617 -1.198404 0.530000
v 0.620590 -1.217977 0.476967
v 0.644667 -1.265229 0.455000
v 0.668743 -1.312482 0.476967
v 0.878739 -1.209480 0.530000
v 0.865827 -1.191709 0.583033
v 0.834655 -1.148804 0.605000
v 0.803483 -1.105900 0.583033
v 0.790571 -1.088128 0.530000
v 0.803483 -1.105900 0.476967
v 0.834655 -1.148804 0.455000
v 0.865827 -1.191709 0.476967
v 1.057125 -1.057125 0.530000
v 1.041592 -1.041592 0.583033
v 1.004092 -1.004092 0.605000
v 0.966592 -0.966592 0.583033
v 0.951059 -0.951059 0.530000
v 0.966592 -0.966592 0.476967
v 1.004092 -1.004092 0.455000
v 1.041592 -1.041592 0.476967
v 1.209480 -0.878739 0.530000
v 1.191709 -0.865827 0.583033
v 1.148804 -0.834655 0.605000
v 1.105900 -0.803483 0.583033
v 1.088128 -0.790571 0.530000
v 1.105900 -0.803483 0.476967
v 1.148804 -0.834655 0.455000
v 1.191709 -0.865827 0.476967
v 1.332055 -0.678716 0.530000
v 1.312482 -0.668743 0.583033
v 1.265229 -0.644667 0.605000
v 1.217977 -0.620590 0.583033
v 1.198404 -0.610617 0.530000
v 1.217977 -0.620590 0.476967
v 1.265229 -0.644667 0.455000
v 1.312482 -0.668743 0.476967
v 1.421829 -0.461980 0.530000
v 1.400938 -0.455192 0.583033
v 1.350500 -0.438804 0.605000
v 1.300063 -0.422416 0.583033
v 1.279171 -0.415628 0.530000
v 1.300063 -0.422416 0.476967
v 1.350500 -0.438804 0.455000
v 1.400938 -0.455192 0.476967
v 1.476594 -0.233870 0.530000
v 1.454898 -0.230433 0.583033
v 1.402517 -0.222137 0.605000
v 1.350137 -0.213841 0.583033
v 1.328441 -0.210404 0.530000
v 1.350137 -0.213841 0.476967
v 1.402517 -0.222137 0.455000
v 1.454898 -0.230433 0.476967
v 0.279000 0.000000 0.754500
v 0.173954 0.218131 0.754500
v -0.062083 0.272005 0.754500
v -0.251370 0.121054 0.754500
v -0.251370 -0.121054 0.754500
v -0.062083 -0.272005 0.754500
v 0.173954 -0.218131 0.754500
v 0.620000 0.000000 1.180000
v 0.386564 0.484736 1.180000
v -0.137963 0.604455 1.180000
v -0.558601 0.269008 1.180000
v -0.558601 -0.269008 1.180000
v -0.137963 -0.604455 1.180000
v 0.386564 -0.484736 1.180000
v 0.508400 0.000000 1.975500
v 0.316982 0.397483 1.975500
v -0.113130 0.495653 1.975500
v -0.458053 0.220586 1.975500
v -0.458053 -0.220586 1.975500
v -0.113130 -0.495653 1.975500
v 0.316982 -0.397483 1.975500
v 0.000000 0.000000 2.567500
v 0.000000 0.000000 1.930000
v 0.083435 0.000000 1.911401
v 0.078403 0.028536 1.911401
v 0.063915 0.053631 1.911401
v 0.041717 0.072256 1.911401
v 0.014488 0.082167 1.911401
v -0.014488 0.082167 1.911401
v -0.041717 0.072256 1.911401
v -0.063915 0.053631 1.911401
v -0.078403 0.028536 1.911401
v -0.083435 0.000000 1.911401
v -0.078403 -0.028536 1.911401
v -0.063915 -0.053631 1.911401
v -0.041717 -0.072256 1.911401
v -0.014488 -0.082167 1.911401
v 0.014488 -0.082167 1.911401
v 0.041717 -0.072256 1.911401
v 0.063915 -0.053631 1.911401
v 0.078403 -0.028536 1.911401
v 0.158702 0.000000 1.857426
v 0.149131 0.054279 1.857426
v 0.121573 0.102012 1.857426
v 0.079351 0.137440 1.857426
v 0.027558 0.156291 1.857426
v -0.027558 0.156291 1.857426
v -0.079351 0.137440 1.857426
v -0.121573 0.102012 1.857426
v -0.149131 0.054279 1.857426
v -0.158702 0.000000 1.857426
v -0.149131 -0.054279 1.857426
v -0.121573 -0.102012 1.857426
v -0.079351 -0.137440 1.857426
v -0.027558 -0.156291 1.857426
v 0.027558 -0.156291 1.857426
v 0.079351 -0.137440 1.857426
v 0.121573 -0.102012 1.857426
v 0.149131 -0.054279 1.857426
v 0.218435 0.000000 1.773358
v 0.205261 0.074709 1.773358
v 0.167331 0.140407 1.773358
v 0.109217 0.189170 1.773358
v 0.037931 0.215116 1.773358
v -0.037931 0.215116 1.773358
v -0.109217 0.189170 1.773358
v -0.167331 0.140407 1.773358
v -0.205261 0.074709 1.773358
v -0.218435 0.000000 1.773358
v -0.205261 -0.074709 1.773358
v -0.167331 -0.140407 1.773358
v -0.109217 -0.189170 1.773358
v -0.037931 -0.215116 1.773358
v 0.037931 -0.215116 1.773358
v 0.109217 -0.189170 1.773358
v 0.167331 -0.140407 1.773358
v 0.205261 -0.074709 1.773358
v 0.256785 0.000000 1.667426
v 0.241299 0.087826 1.667426
v 0.196709 0.165058 1.667426
v 0.128393 0.222383 1.667426
v 0.044590 0.252884 1.667426
v -0.044590 0.252884 1.667426
v -0.128393 0.222383 1.667426
v -0.196709 0.165058 1.667426
v -0.241299 0.087826 1.667426
v -0.256785 0.000000 1.667426
v -0.241299 -0.087826 1.667426
v -0.196709 -0.165058 1.667426
v -0.128393 -0.222383 1.667426
v -0.044590 -0.252884 1.667426
v 0.044590 -0.252884 1.667426
v 0.128393 -0.222383 1.667426
v 0.196709 -0.165058 1.667426
v 0.241299 -0.087826 1.667426
v 0.270000 0.000000 1.550000
v 0.253717 0.092345 1.550000
v 0.206832 0.173553 1.550000
v 0.135000 0.233827 1.550000
v 0.046885 0.265898 1.550000
v -0.046885 0.265898 1.550000
v -0.135000 0.233827 1.550000
v -0.206832 0.173553 1.550000
v -0.253717 0.092345 1.550000
v -0.270000 0.000000 1.550000
v -0.253717 -0.092345 1.550000
v -0.206832 -0.173553 1.550000
v -0.135000 -0.233827 1.550000
v -0.046885 -0.265898 1.550000
v 0.046885 -0.265898 1.550000
v 0.135000 -0.233827 1.550000
v 0.206832 -0.173553 1.550000
v 0.253717 -0.092345 1.550000
v 0.256785 0.000000 1.432574
v 0.241299 0.087826 1.432574
v 0.196709 0.165058 1.432574
v 0.128393 0.222383 1.432574
v 0.044590 0.252884 1.432574
v -0.044590 0.252884 1.432574
v -0.128393 0.222383 1.432574
v -0.196709 0.165058 1.432574
v -0.241299 0.087826 1.432574
v -0.256785 0.000000 1.432574
v -0.241299 -0.087826 1.432574
v -0.196709 -0.165058 1.432574
v -0.128393 -0.222383 1.432574
v -0.044590 -0.252884 1.432574
v 0.044590 -0.252884 1.432574
v 0.128393 -0.222383 1.432574
v 0.196709 -0.165058 1.432574
v 0.241299 -0.087826 1.432574
v 0.218435 0.000000 1.326642
v 0.205261 0.074709 1.326642
v 0.167331 0.140407 1.326642
v 0.109217 0.189170 1.326642
v 0.037931 0.215116 1.326642
v -0.037931 0.215116 1.326642
v -0.109217 0.189170 1.326642
v -0.167331 0.140407 1.326642
v -0.205261 0.074709 1.326642
v -0.218435 0.000000 1.326642
v -0.205261 -0.074709 1.326642
v -0.167331 -0.140407 1.326642
v -0.109217 -0.189170 1.326642
v -0.037931 -0.215116 1.326642
v 0.037931 -0.215116 1.326642
v 0.109217 -0.189170 1.326642
v 0.167331 -0.140407 1.326642
v 0.205261 -0.074709 1.326642
v 0.158702 0.000000 1.242574
v 0.149131 0.054279 1.242574
v 0.121573 0.102012 1.242574
v 0.079351 0.137440 1.242574
v 0.027558 0.156291 1.242574
v -0.027558 0.156291 1.242574
v -0.079351 0.137440 1.242574
v -0.121573 0.102012 1.242574
v -0.149131 0.054279 1.242574
v -0.158702 0.000000 1.242574
v -0.149131 -0.054279 1.242574
v -0.121573 -0.102012 1.242574
v -0.079351 -0.137440 1.242574
v -0.027558 -0.156291 1.242574
v 0.027558 -0.156291 1.242574
v 0.079351 -0.137440 1.242574
v 0.121573 -0.102012 1.242574
v 0.149131 -0.054279 1.242574
v 0.083435 0.000000 1.188599
v 0.078403 0.028536 1.188599
v 0.063915 0.053631 1.188599
v 0.041717 0.072256 1.188599
v 0.014488 0.082167 1.188599
v -0.014488 0.082167 1.188599
v -0.041717 0.072256 1.188599
v -0.063915 0.053631 1.188599
v -0.078403 0.028536 1.188599
v -0.083435 0.000000 1.188599
v -0.078403 -0.028536 1.188599
v -0.063915 -0.053631 1.188599
v -0.041717 -0.072256 1.188599
v -0.014488 -0.082167 1.188599
v 0.014488 -0.082167 1.188599
v 0.041717 -0.072256 1.188599
v 0.063915 -0.053631 1.188599
v 0.078403 -0.028536 1.188599
v 0.000000 0.000000 1.170000
v 0.601231 -0.090000 0.694102
v 0.776893 -0.090000 0.654821
v 0.776893 0.090000 0.654821
v 0.601231 0.090000 0.694102
v 0.863107 -0.090000 1.865179
v 1.038769 -0.090000 1.825898
v 1.038769 0.090000 1.825898
v 0.863107 0.090000 1.865179
v 0.957600 0.000000 1.755200
v 0.907849 0.068476 1.755200
v 0.827351 0.042321 1.755200
v 0.827351 -0.042321 1.755200
v 0.907849 -0.068476 1.755200
v 1.045600 0.000000 1.838000
v 0.935043 0.152169 1.838000
v 0.756157 0.094046 1.838000
v 0.756157 -0.094046 1.838000
v 0.935043 -0.152169 1.838000
v 1.016800 0.000000 1.992800
v 0.926143 0.124779 1.992800
v 0.779457 0.077117 1.992800
v 0.779457 -0.077117 1.992800
v 0.926143 -0.124779 1.992800
v 0.885600 0.000000 2.108000
v 0.218769 0.730000 0.694102
v 0.218769 0.910000 0.694102
v 0.043107 0.910000 0.654821
v 0.043107 0.730000 0.654821
v -0.043107 0.730000 1.865179
v -0.043107 0.910000 1.865179
v -0.218769 0.910000 1.825898
v -0.218769 0.730000 1.825898
v 0.000000 0.957600 1.755200
v -0.068476 0.907849 1.755200
v -0.042321 0.827351 1.755200
v 0.042321 0.827351 1.755200
v 0.068476 0.907849 1.755200
v 0.000000 1.045600 1.838000
v -0.152169 0.935043 1.838000
v -0.094046 0.756157 1.838000
v 0.094046 0.756157 1.838000
v 0.152169 0.935043 1.838000
v 0.000000 1.016800 1.992800
v -0.124779 0.926143 1.992800
v -0.077117 0.779457 1.992800
v 0.077117 0.779457 1.992800
v 0.124779 0.926143 1.992800
v 0.000000 0.885600 2.108000
v -0.863107 0.090000 0.654821
v -1.038769 0.090000 0.694102
v -1.038769 -0.090000 0.694102
v -0.863107 -0.090000 0.654821
v -0.601231 0.090000 1.825898
v -0.776893 0.090000 1.865179
v -0.776893 -0.090000 1.865179
v -0.601231 -0.090000 1.825898
v -0.957600 0.000000 1.755200
v -0.907849 -0.068476 1.755200
v -0.827351 -0.042321 1.755200
v -0.827351 0.042321 1.755200
v -0.907849 0.068476 1.755200
v -1.045600 0.000000 1.838000
v -0.935043 -0.152169 1.838000
v -0.756157 -0.094046 1.838000
v -0.756157 0.094046 1.838000
v -0.935043 0.152169 1.838000
v -1.016800 0.000000 1.992800
v -0.926143 -0.124779 1.992800
v -0.779457 -0.077117 1.992800
v -0.779457 0.077117 1.992800
v -0.926143 0.124779 1.992800
v -0.885600 0.000000 2.108000
v 0.043107 -0.730000 0.654821
v 0.043107 -0.910000 0.654821
v 0.218769 -0.910000 0.694102
v 0.218769 -0.730000 0.694102
v -0.218769 -0.730000 1.825898
v -0.218769 -0.910000 1.825898
v -0.043107 -0.910000 1.865179
v -0.043107 -0.730000 1.865179
v -0.000000 -0.957600 1.755200
v 0.068476 -0.907849 1.755200
v 0.042321 -0.827351 1.755200
v -0.042321 -0.827351 1.755200
v -0.068476 -0.907849 1.755200
v -0.000000 -1.045600 1.838000
v 0.152169 -0.935043 1.838000
v 0.094046 -0.756157 1.838000
v -0.094046 -0.756157 1.838000
v -0.152169 -0.935043 1.838000
v -0.000000 -1.016800 1.992800
v 0.124779 -0.926143 1.992800
v 0.077117 -0.779457 1.992800
v -0.077117 -0.779457 1.992800
v -0.124779 -0.926143 1.992800
v -0.000000 -0.885600 2.108000
v 1.655000 0.000000 1.780000
v 1.633033 -0.053033 1.780000
v 1.580000 -0.075000 1.780000
v 1.526967 -0.053033 1.780000
v 1.505000 -0.000000 1.780000
v 1.526967 0.053033 1.780000
v 1.580000 0.075000 1.780000
v 1.633033 0.053033 1.780000
v 1.638154 0.000000 2.015531
v 1.616411 -0.053033 2.012405
v 1.563918 -0.075000 2.004857
v 1.511425 -0.053033 1.997310
v 1.489681 0.000000 1.994184
v 1.511425 0.053033 1.997310
v 1.563918 0.075000 2.004857
v 1.616411 0.053033 2.012405
v 1.587961 0.000000 2.246267
v 1.566884 -0.053033 2.240079
v 1.515999 -0.075000 2.225137
v 1.465114 -0.053033 2.210196
v 1.444037 0.000000 2.204007
v 1.465114 0.053033 2.210196
v 1.515999 0.075000 2.225137
v 1.566884 0.053033 2.240079
v 1.505441 0.000000 2.467512
v 1.485459 -0.053033 2.458386
v 1.437219 -0.075000 2.436356
v 1.388978 -0.053033 2.414325
v 1.368996 0.000000 2.405200
v 1.388978 0.053033 2.414325
v 1.437219 0.075000 2.436356
v 1.485459 0.053033 2.458386
v 1.392275 0.000000 2.674761
v 1.373795 -0.053033 2.662884
v 1.329181 -0.075000 2.634212
v 1.284566 -0.053033 2.605541
v 1.266087 0.000000 2.593664
v 1.284566 0.053033 2.605541
v 1.329181 0.075000 2.634212
v 1.373795 0.053033 2.662884
v 1.250766 0.000000 2.863795
v 1.234164 -0.053033 2.849409
v 1.194084 -0.075000 2.814680
v 1.154005 -0.053033 2.779951
v 1.137403 0.000000 2.765565
v 1.154005 0.053033 2.779951
v 1.194084 0.075000 2.814680
v 1.234164 0.053033 2.849409
v 1.083795 0.000000 3.030766
v 1.069409 -0.053033 3.014164
v 1.034680 -0.075000 2.974084
v 0.999951 -0.053033 2.934005
v 0.985565 0.000000 2.917403
v 0.999951 0.053033 2.934005
v 1.034680 0.075000 2.974084
v 1.069409 0.053033 3.014164
v 0.894761 0.000000 3.172275
v 0.882884 -0.053033 3.153795
v 0.854212 -0.075000 3.109181
v 0.825541 -0.053033 3.064566
v 0.813664 0.000000 3.046087
v 0.825541 0.053033 3.064566
v 0.854212 0.075000 3.109181
v 0.882884 0.053033 3.153795
v 0.687512 0.000000 3.285441
v 0.678386 -0.053033 3.265459
v 0.656356 -0.075000 3.217219
v 0.634325 -0.053033 3.168978
v 0.625200 0.000000 3.148996
v 0.634325 0.053033 3.168978
v 0.656356 0.075000 3.217219
v 0.678386 0.053033 3.265459
v 0.466267 0.000000 3.367961
v 0.460079 -0.053033 3.346884
v 0.445137 -0.075000 3.295999
v 0.430196 -0.053033 3.245114
v 0.424007 0.000000 3.224037
v 0.430196 0.053033 3.245114
v 0.445137 0.075000 3.295999
v 0.460079 0.053033 3.346884
v 0.235531 0.000000 3.418154
v 0.232405 -0.053033 3.396411
v 0.224857 -0.075000 3.343918
v 0.217310 -0.053033 3.291425
v 0.214184 0.000000 3.269681
v 0.217310 0.053033 3.291425
v 0.224857 0.075000 3.343918
v 0.232405 0.053033 3.396411
v 0.000000 0.000000 3.435000
v 0.000000 -0.053033 3.413033
v 0.000000 -0.075000 3.360000
v 0.000000 -0.053033 3.306967
v 0.000000 0.000000 3.285000
v 0.000000 0.053033 3.306967
v 0.000000 0.075000 3.360000
v 0.000000 0.053033 3.413033
v -0.235531 0.000000 3.418154
v -0.232405 -0.053033 3.396411
v -0.224857 -0.075000 3.343918
v -0.217310 -0.053033 3.291425
v -0.214184 0.000000 3.269681
v -0.217310 0.053033 3.291425
v -0.224857 0.075000 3.343918
v -0.232405 0.053033 3.396411
v -0.466267 0.000000 3.367961
v -0.460079 -0.053033 3.346884
v -0.445137 -0.075000 3.295999
v -0.430196 -0.053033 3.245114
v -0.424007 0.000000 3.224037
v -0.430196 0.053033 3.245114
v -0.445137 0.075000 3.295999
v -0.460079 0.053033 3.346884
v -0.687512 0.000000 3.285441
v -0.678386 -0.053033 3.265459
v -0.656356 -0.075000 3.217219
v -0.634325 -0.053033 3.168978
v -0.625200 0.000000 3.148996
v -0.634325 0.053033 3.168978
v -0.656356 0.075000 3.217219
v -0.678386 0.053033 3.265459
v -0.894761 0.000000 3.172275
v -0.882884 -0.053033 3.153795
v -0.854212 -0.075000 3.109181
v -0.825541 -0.053033 3.064566
v -0.813664 0.000000 3.046087
v -0.825541 0.053033 3.064566
v -0.854212 0.075000 3.109181
v -0.882884 0.053033 3.153795
v -1.083795 0.000000 3.030766
v -1.069409 -0.053033 3.014164
v -1.034680 -0.075000 2.974084
v -0.999951 -0.053033 2.934005
v -0.985565 0.000000 2.917403
v -0.999951 0.053033 2.934005
v -1.034680 0.075000 2.974084
v -1.069409 0.053033 3.014164
v -1.250766 0.000000 2.863795
v -1.234164 -0.053033 2.849409
v -1.194084 -0.075000 2.814680
v -1.154005 -0.053033 2.779951
v -1.137403 0.000000 2.765565
v -1.154005 0.053033 2.779951
v -1.194084 0.075000 2.814680
v -1.234164 0.053033 2.849409
v -1.392275 0.000000 2.674761
v -1.373795 -0.053033 2.662884
v -1.329181 -0.075000 2.634212
v -1.284566 -0.053033 2.605541
v -1.266087 0.000000 2.593664
v -1.284566 0.053033 2.605541
v -1.329181 0.075000 2.634212
v -1.373795 0.053033 2.662884
v -1.505441 0.000000 2.467512
v -1.485459 -0.053033 2.458386
v -1.437219 -0.075000 2.436356
v -1.388978 -0.053033 2.414325
v -1.368996 0.000000 2.405200
v -1.388978 0.053033 2.414325
v -1.437219 0.075000 2.436356
v -1.485459 0.053033 2.458386
v -1.587961 0.000000 2.246267
v -1.566884 -0.053033 2.240079
v -1.515999 -0.075000 2.225137
v -1.465114 -0.053033 2.210196
v -1.444037 0.000000 2.204007
v -1.465114 0.053033 2.210196
v -1.515999 0.075000 2.225137
v -1.566884 0.053033 2.240079
v -1.638154 0.000000 2.015531
v -1.616411 -0.053033 2.012405
v -1.563918 -0.075000 2.004857
v -1.511425 -0.053033 1.997310
v -1.489681 0.000000 1.994184
v -1.511425 0.053033 1.997310
v -1.563918 0.075000 2.004857
v -1.616411 0.053033 2.012405
v -1.655000 0.000000 1.780000
v -1.633033 -0.053033 1.780000
v -1.580000 -0.075000 1.780000
v -1.526967 -0.053033 1.780000
v -1.505000 -0.000000 1.780000
v -1.526967 0.053033 1.780000
v -1.580000 0.075000 1.780000
v -1.633033 0.053033 1.780000
v -1.638154 -0.000000 1.544469
v -1.616411 -0.053033 1.547595
v -1.563918 -0.075000 1.555143
v -1.511425 -0.053033 1.562690
v -1.489681 -0.000000 1.565816
v -1.511425 0.053033 1.562690
v -1.563918 0.075000 1.555143
v -1.616411 0.053033 1.547595
v -1.587961 -0.000000 1.313733
v -1.566884 -0.053033 1.319921
v -1.515999 -0.075000 1.334863
v -1.465114 -0.053033 1.349804
v -1.444037 -0.000000 1.355993
v -1.465114 0.053033 1.349804
v -1.515999 0.075000 1.334863
v -1.566884 0.053033 1.319921
v -1.505441 -0.000000 1.092488
v -1.485459 -0.053033 1.101614
v -1.437219 -0.075000 1.123644
v -1.388978 -0.053033 1.145675
v -1.368996 -0.000000 1.154800
v -1.388978 0.053033 1.145675
v -1.437219 0.075000 1.123644
v -1.485459 0.053033 1.101614
v -1.392275 -0.000000 0.885239
v -1.373795 -0.053033 0.897116
v -1.329181 -0.075000 0.925788
v -1.284566 -0.053033 0.954459
v -1.266087 -0.000000 0.966336
v -1.284566 0.053033 0.954459
v -1.329181 0.075000 0.925788
v -1.373795 0.053033 0.897116
v -1.250766 -0.000000 0.696205
v -1.234164 -0.053033 0.710591
v -1.194084 -0.075000 0.745320
v -1.154005 -0.053033 0.780049
v -1.137403 -0.000000 0.794435
v -1.154005 0.053033 0.780049
v -1.194084 0.075000 0.745320
v -1.234164 0.053033 0.710591
v -1.083795 -0.000000 0.529234
v -1.069409 -0.053033 0.545836
v -1.034680 -0.075000 0.585916
v -0.999951 -0.053033 0.625995
v -0.985565 -0.000000 0.642597
v -0.999951 0.053033 0.625995
v -1.034680 0.075000 0.585916
v -1.069409 0.053033 0.545836
v -0.894761 -0.000000 0.387725
v -0.882884 -0.053033 0.406205
v -0.854212 -0.075000 0.450819
v -0.825541 -0.053033 0.495434
v -0.813664 -0.000000 0.513913
v -0.825541 0.053033 0.495434
v -0.854212 0.075000 0.450819
v -0.882884 0.053033 0.406205
v -0.687512 -0.000000 0.274559
v -0.678386 -0.053033 0.294541
v -0.656356 -0.075000 0.342781
v -0.634325 -0.053033 0.391022
v -0.625200 -0.000000 0.411004
v -0.634325 0.053033 0.391022
v -0.656356 0.075000 0.342781
v -0.678386 0.053033 0.294541
v -0.466267 -0.000000 0.192039
v -0.460079 -0.053033 0.213116
v -0.445137 -0.075000 0.264001
v -0.430196 -0.053033 0.314886
v -0.424007 -0.000000 0.335963
v -0.430196 0.053033 0.314886
v -0.445137 0.075000 0.264001
v -0.460079 0.053033 0.213116
v -0.235531 -0.000000 0.141846
v -0.232405 -0.053033 0.163589
v -0.224857 -0.075000 0.216082
v -0.217310 -0.053033 0.268575
v -0.214184 -0.000000 0.290319
v -0.217310 0.053033 0.268575
v -0.224857 0.075000 0.216082
v -0.232405 0.053033 0.163589
v -0.000000 -0.000000 0.125000
v -0.000000 -0.053033 0.146967
v -0.000000 -0.075000 0.200000
v -0.000000 -0.053033 0.253033
v -0.000000 -0.000000 0.275000
v -0.000000 0.053033 0.253033
v -0.000000 0.075000 0.200000
v -0.000000 0.053033 0.146967
v 0.235531 -0.000000 0.141846
v 0.232405 -0.053033 0.163589
v 0.224857 -0.075000 0.216082
v 0.217310 -0.053033 0.268575
v 0.214184 -0.000000 0.290319
v 0.217310 0.053033 0.268575
v 0.224857 0.075000 0.216082
v 0.232405 0.053033 0.163589
v 0.466267 -0.000000 0.192039
v 0.460079 -0.053033 0.213116
v 0.445137 -0.075000 0.264001
v 0.430196 -0.053033 0.314886
v 0.424007 -0.000000 0.335963
v 0.430196 0.053033 0.314886
v 0.445137 0.075000 0.264001
v 0.460079 0.053033 0.213116
v 0.687512 -0.000000 0.274559
v 0.678386 -0.053033 0.294541
v 0.656356 -0.075000 0.342781
v 0.634325 -0.053033 0.391022
v 0.625200 -0.000000 0.411004
v 0.634325 0.053033 0.391022
v 0.656356 0.075000 0.342781
v 0.678386 0.053033 0.294541
v 0.894761 -0.000000 0.387725
v 0.882884 -0.053033 0.406205
v 0.854212 -0.075000 0.450819
v 0.825541 -0.053033 0.495434
v 0.813664 -0.000000 0.513913
v 0.825541 0.053033 0.495434
v 0.854212 0.075000 0.450819
v 0.882884 0.053033 0.406205
v 1.083795 -0.000000 0.529234
v 1.069409 -0.053033 0.545836
v 1.034680 -0.075000 0.585916
v 0.999951 -0.053033 0.625995
v 0.985565 -0.000000 0.642597
v 0.999951 0.053033 0.625995
v 1.034680 0.075000 0.585916
v 1.069409 0.053033 0.545836
v 1.250766 -0.000000 0.696205
v 1.234164 -0.053033 0.710591
v 1.194084 -0.075000 0.745320
v 1.154005 -0.053033 0.780049
v 1.137403 -0.000000 0.794435
v 1.154005 0.053033 0.780049
v 1.194084 0.075000 0.745320
v 1.234164 0.053033 0.710591
v 1.392275 -0.000000 0.885239
v 1.373795 -0.053033 0.897116
v 1.329181 -0.075000 0.925788
v 1.284566 -0.053033 0.954459
v 1.266087 -0.000000 0.966336
v 1.284566 0.053033 0.954459
v 1.329181 0.075000 0.925788
v 1.373795 0.053033 0.897116
v 1.505441 -0.000000 1.092488
v 1.485459 -0.053033 1.101614
v 1.437219 -0.075000 1.123644
v 1.388978 -0.053033 1.145675
v 1.368996 -0.000000 1.154800
v 1.388978 0.053033 1.145675
v 1.437219 0.075000 1.123644
v 1.485459 0.053033 1.101614
v 1.587961 -0.000000 1.313733
v 1.566884 -0.053033 1.319921
v 1.515999 -0.075000 1.334863
v 1.465114 -0.053033 1.349804
v 1.444037 -0.000000 1.355993
v 1.465114 0.053033 1.349804
v 1.515999 0.075000 1.334863
v 1.566884 0.053033 1.319921
v 1.638154 -0.000000 1.544469
v 1.616411 -0.053033 1.547595
v 1.563918 -0.075000 1.555143
v 1.511425 -0.053033 1.562690
v 1.489681 -0.000000 1.565816
v 1.511425 0.053033 1.562690
v 1.563918 0.075000 1.555143
v 1.616411 0.053033 1.547595
v 0.000000 0.000000 0.340000
v 0.030000 0.030000 0.357574
v 0.042426 0.042426 0.400000
v 0.030000 0.030000 0.442426
v 0.000000 0.000000 0.460000
v -0.030000 -0.030000 0.442426
v -0.042426 -0.042426 0.400000
v -0.030000 -0.030000 0.357574
v -0.159287 0.159287 0.357729
v -0.127343 0.187343 0.375086
v -0.110223 0.195076 0.416990
v -0.117957 0.177957 0.458894
v -0.146013 0.146013 0.476251
v -0.177957 0.117957 0.458894
v -0.195076 0.110223 0.416990
v -0.187343 0.127343 0.375086
v -0.314652 0.314652 0.410479
v -0.280812 0.340812 0.427192
v -0.259115 0.343967 0.467542
v -0.262271 0.322271 0.507892
v -0.288431 0.288431 0.524605
v -0.322271 0.262271 0.507892
v -0.343967 0.259115 0.467542
v -0.340812 0.280812 0.427192
v -0.462268 0.462268 0.496951
v -0.426627 0.486627 0.512609
v -0.400581 0.485434 0.550411
v -0.399388 0.459388 0.588213
v -0.423746 0.423746 0.603871
v -0.459388 0.399388 0.588213
v -0.485434 0.400581 0.550411
v -0.486627 0.426627 0.512609
v -0.598503 0.598503 0.615016
v -0.561199 0.621199 0.629233
v -0.531139 0.615992 0.663557
v -0.525932 0.585932 0.697880
v -0.548628 0.548628 0.712098
v -0.585932 0.525932 0.697880
v -0.615992 0.531139 0.663557
v -0.621199 0.561199 0.629233
v -0.720000 0.720000 0.761766
v -0.681213 0.741213 0.774193
v -0.647574 0.732426 0.804193
v -0.638787 0.698787 0.834193
v -0.660000 0.660000 0.846619
v -0.698787 0.638787 0.834193
v -0.732426 0.647574 0.804193
v -0.741213 0.681213 0.774193
v -0.823768 0.823768 0.933589
v -0.783715 0.843715 0.943919
v -0.747018 0.831871 0.968856
v -0.735174 0.795174 0.993794
v -0.755121 0.755121 1.004123
v -0.795174 0.735174 0.993794
v -0.831871 0.747018 0.968856
v -0.843715 0.783715 0.943919
v -0.907253 0.907253 1.126254
v -0.866181 0.926181 1.134232
v -0.827024 0.911877 1.153493
v -0.812721 0.872721 1.172754
v -0.831649 0.831649 1.180733
v -0.872721 0.812721 1.172754
v -0.911877 0.827024 1.153493
v -0.926181 0.866181 1.134232
v -0.968398 0.968398 1.335016
v -0.926580 0.986580 1.340446
v -0.885622 0.970474 1.353557
v -0.869516 0.929516 1.366667
v -0.887698 0.887698 1.372098
v -0.929516 0.869516 1.366667
v -0.970474 0.885622 1.353557
v -0.986580 0.926580 1.340446
v -1.005698 1.005698 1.554734
v -0.963424 1.023424 1.557483
v -0.921367 1.006220 1.564120
v -0.904163 0.964163 1.570757
v -0.921889 0.921889 1.573507
v -0.964163 0.904163 1.570757
v -1.006220 0.921367 1.564120
v -1.023424 0.963424 1.557483
v -1.018234 1.018234 1.780000
v -0.975807 1.035807 1.780000
v -0.933381 1.018234 1.780000
v -0.915807 0.975807 1.780000
v -0.933381 0.933381 1.780000
v -0.975807 0.915807 1.780000
v -1.018234 0.933381 1.780000
v -1.035807 0.975807 1.780000
v -1.005698 1.005698 2.005266
v -0.963424 1.023424 2.002517
v -0.921367 1.006220 1.995880
v -0.904163 0.964163 1.989243
v -0.921889 0.921889 1.986493
v -0.964163 0.904163 1.989243
v -1.006220 0.921367 1.995880
v -1.023424 0.963424 2.002517
v -0.968398 0.968398 2.224984
v -0.926580 0.986580 2.219554
v -0.885622 0.970474 2.206443
v -0.869516 0.929516 2.193333
v -0.887698 0.887698 2.187902
v -0.929516 0.869516 2.193333
v -0.970474 0.885622 2.206443
v -0.986580 0.926580 2.219554
v -0.907253 0.907253 2.433746
v -0.866181 0.926181 2.425768
v -0.827024 0.911877 2.406507
v -0.812721 0.872721 2.387246
v -0.831649 0.831649 2.379267
v -0.872721 0.812721 2.387246
v -0.911877 0.827024 2.406507
v -0.926181 0.866181 2.425768
v -0.823768 0.823768 2.626411
v -0.783715 0.843715 2.616081
v -0.747018 0.831871 2.591144
v -0.735174 0.795174 2.566206
v -0.755121 0.755121 2.555877
v -0.795174 0.735174 2.566206
v -0.831871 0.747018 2.591144
v -0.843715 0.783715 2.616081
v -0.720000 0.720000 2.798234
v -0.681213 0.741213 2.785807
v -0.647574 0.732426 2.755807
v -0.638787 0.698787 2.725807
v -0.660000 0.660000 2.713381
v -0.698787 0.638787 2.725807
v -0.732426 0.647574 2.755807
v -0.741213 0.681213 2.785807
v -0.598503 0.598503 2.944984
v -0.561199 0.621199 2.930767
v -0.531139 0.615992 2.896443
v -0.525932 0.585932 2.862120
v -0.548628 0.548628 2.847902
v -0.585932 0.525932 2.862120
v -0.615992 0.531139 2.896443
v -0.621199 0.561199 2.930767
v -0.462268 0.462268 3.063049
v -0.426627 0.486627 3.047391
v -0.400581 0.485434 3.009589
v -0.399388 0.459388 2.971787
v -0.423746 0.423746 2.956129
v -0.459388 0.399388 2.971787
v -0.485434 0.400581 3.009589
v -0.486627 0.426627 3.047391
v -0.314652 0.314652 3.149521
v -0.280812 0.340812 3.132808
v -0.259115 0.343967 3.092458
v -0.262271 0.322271 3.052108
v -0.288431 0.288431 3.035395
v -0.322271 0.262271 3.052108
v -0.343967 0.259115 3.092458
v -0.340812 0.280812 3.132808
v -0.159287 0.159287 3.202271
v -0.127343 0.187343 3.184914
v -0.110223 0.195076 3.143010
v -0.117957 0.177957 3.101106
v -0.146013 0.146013 3.083749
v -0.177957 0.117957 3.101106
v -0.195076 0.110223 3.143010
v -0.187343 0.127343 3.184914
v -0.000000 0.000000 3.220000
v 0.030000 0.030000 3.202426
v 0.042426 0.042426 3.160000
v 0.030000 0.030000 3.117574
v -0.000000 0.000000 3.100000
v -0.030000 -0.030000 3.117574
v -0.042426 -0.042426 3.160000
v -0.030000 -0.030000 3.202426
v 0.159287 -0.159287 3.202271
v 0.187343 -0.127343 3.184914
v 0.195076 -0.110223 3.143010
v 0.177957 -0.117957 3.101106
v 0.146013 -0.146013 3.083749
v 0.117957 -0.177957 3.101106
v 0.110223 -0.195076 3.143010
v 0.127343 -0.187343 3.184914
v 0.314652 -0.314652 3.149521
v 0.340812 -0.280812 3.132808
v 0.343967 -0.259115 3.092458
v 0.322271 -0.262271 3.052108
v 0.288431 -0.288431 3.035395
v 0.262271 -0.322271 3.052108
v 0.259115 -0.343967 3.092458
v 0.280812 -0.340812 3.132808
v 0.462268 -0.462268 3.063049
v 0.486627 -0.426627 3.047391
v 0.485434 -0.400581 3.009589
v 0.459388 -0.399388 2.971787
v 0.423746 -0.423746 2.956129
v 0.399388 -0.459388 2.971787
v 0.400581 -0.485434 3.009589
v 0.426627 -0.486627 3.047391
v 0.598503 -0.598503 2.944984
v 0.621199 -0.561199 2.930767
v 0.615992 -0.531139 2.896443
v 0.585932 -0.525932 2.862120
v 0.548628 -0.548628 2.847902
v 0.525932 -0.585932 2.862120
v 0.531139 -0.615992 2.896443
v 0.561199 -0.621199 2.930767
v 0.720000 -0.720000 2.798234
v 0.741213 -0.681213 2.785807
v 0.732426 -0.647574 2.755807
v 0.698787 -0.638787 2.725807
v 0.660000 -0.660000 2.713381
v 0.638787 -0.698787 2.725807
v 0.647574 -0.732426 2.755807
v 0.681213 -0.741213 2.785807
v 0.823768 -0.823768 2.626411
v 0.843715 -0.783715 2.616081
v 0.831871 -0.747018 2.591144
v 0.795174 -0.735174 2.566206
v 0.755121 -0.755121 2.555877
v 0.735174 -0.795174 2.566206
v 0.747018 -0.831871 2.591144
v 0.783715 -0.843715 2.616081
v 0.907253 -0.907253 2.433746
v 0.926181 -0.866181 2.425768
v 0.911877 -0.827024 2.406507
v 0.872721 -0.812721 2.387246
v 0.831649 -0.831649 2.379267
v 0.812721 -0.872721 2.387246
v 0.827024 -0.911877 2.406507
v 0.866181 -0.926181 2.425768
v 0.968398 -0.968398 2.224984
v 0.986580 -0.926580 2.219554
v 0.970474 -0.885622 2.206443
v 0.929516 -0.869516 2.193333
v 0.887698 -0.887698 2.187902
v 0.869516 -0.929516 2.193333
v 0.885622 -0.970474 2.206443
v 0.926580 -0.986580 2.219554
v 1.005698 -1.005698 2.005266
v 1.023424 -0.963424 2.002517
v 1.006220 -0.921367 1.995880
v 0.964163 -0.904163 1.989243
v 0.921889 -0.921889 1.986493
v 0.904163 -0.964163 1.989243
v 0.921367 -1.006220 1.995880
v 0.963424 -1.023424 2.002517
v 1.018234 -1.018234 1.780000
v 1.035807 -0.975807 1.780000
v 1.018234 -0.933381 1.780000
v 0.975807 -0.915807 1.780000
v 0.933381 -0.933381 1.780000
v 0.915807 -0.975807 1.780000
v 0.933381 -1.018234 1.780000
v 0.975807 -1.035807 1.780000
v 1.005698 -1.005698 1.554734
v 1.023424 -0.963424 1.557483
v 1.006220 -0.921367 1.564120
v 0.964163 -0.904163 1.570757
v 0.921889 -0.921889 1.573507
v 0.904163 -0.964163 1.570757
v 0.921367 -1.006220 1.564120
v 0.963424 -1.023424 1.557483
v 0.968398 -0.968398 1.335016
v 0.986580 -0.926580 1.340446
v 0.970474 -0.885622 1.353557
v 0.929516 -0.869516 1.366667
v 0.887698 -0.887698 1.372098
v 0.869516 -0.929516 1.366667
v 0.885622 -0.970474 1.353557
v 0.926580 -0.986580 1.340446
v 0.907253 -0.907253 1.126254
v 0.926181 -0.866181 1.134232
v 0.911877 -0.827024 1.153493
v 0.872721 -0.812721 1.172754
v 0.831649 -0.831649 1.180733
v 0.812721 -0.872721 1.172754
v 0.827024 -0.911877 1.153493
v 0.866181 -0.926181 1.134232
v 0.823768 -0.823768 0.933589
v 0.843715 -0.783715 0.943919
v 0.831871 -0.747018 0.968856
v 0.795174 -0.735174 0.993794
v 0.755121 -0.755121 1.004123
v 0.735174 -0.795174 0.993794
v 0.747018 -0.831871 0.968856
v 0.783715 -0.843715 0.943919
v 0.720000 -0.720000 0.761766
v 0.741213 -0.681213 0.774193
v 0.732426 -0.647574 0.804193
v 0.698787 -0.638787 0.834193
v 0.660000 -0.660000 0.846619
v 0.638787 -0.698787 0.834193
v 0.647574 -0.732426 0.804193
v 0.681213 -0.741213 0.774193
v 0.598503 -0.598503 0.615016
v 0.621199 -0.561199 0.629233
v 0.615992 -0.531139 0.663557
v 0.585932 -0.525932 0.697880
v 0.548628 -0.548628 0.712098
v 0.525932 -0.585932 0.697880
v 0.531139 -0.615992 0.663557
v 0.561199 -0.621199 0.629233
v 0.462268 -0.462268 0.496951
v 0.486627 -0.426627 0.512609
v 0.485434 -0.400581 0.550411
v 0.459388 -0.399388 0.588213
v 0.423746 -0.423746 0.603871
v 0.399388 -0.459388 0.588213
v 0.400581 -0.485434 0.550411
v 0.426627 -0.486627 0.512609
v 0.314652 -0.314652 0.410479
v 0.340812 -0.280812 0.427192
v 0.343967 -0.259115 0.467542
v 0.322271 -0.262271 0.507892
v 0.288431 -0.288431 0.524605
v 0.262271 -0.322271 0.507892
v 0.259115 -0.343967 0.467542
v 0.280812 -0.340812 0.427192
v 0.159287 -0.159287 0.357729
v 0.187343 -0.127343 0.375086
v 0.195076 -0.110223 0.416990
v 0.177957 -0.117957 0.458894
v 0.146013 -0.146013 0.476251
v 0.117957 -0.177957 0.458894
v 0.110223 -0.195076 0.416990
v 0.127343 -0.187343 0.375086
v 1.135000 0.000000 3.050000
v 1.118891 0.000000 3.088891
v 1.080000 0.000000 3.105000
v 1.041109 0.000000 3.088891
v 1.025000 0.000000 3.050000
v 1.041109 0.000000 3.011109
v 1.080000 0.000000 2.995000
v 1.118891 0.000000 3.011109
v 1.117757 0.197091 3.050000
v 1.101892 0.194293 3.088891
v 1.063592 0.187540 3.105000
v 1.025292 0.180787 3.088891
v 1.009428 0.177989 3.050000
v 1.025292 0.180787 3.011109
v 1.063592 0.187540 2.995000
v 1.101892 0.194293 3.011109
v 1.066551 0.388193 3.050000
v 1.051413 0.382683 3.088891
v 1.014868 0.369382 3.105000
v 0.978323 0.356080 3.088891
v 0.963185 0.350571 3.050000
v 0.978323 0.356080 3.011109
v 1.014868 0.369382 2.995000
v 1.051413 0.382683 3.011109
v 0.982939 0.567500 3.050000
v 0.968988 0.559445 3.088891
v 0.935307 0.540000 3.105000
v 0.901627 0.520555 3.088891
v 0.887676 0.512500 3.050000
v 0.901627 0.520555 3.011109
v 0.935307 0.540000 2.995000
v 0.968988 0.559445 3.011109
v 0.869460 0.729564 3.050000
v 0.857120 0.719209 3.088891
v 0.827328 0.694211 3.105000
v 0.797536 0.669212 3.088891
v 0.785196 0.658857 3.050000
v 0.797536 0.669212 3.011109
v 0.827328 0.694211 2.995000
v 0.857120 0.719209 3.011109
v 0.729564 0.869460 3.050000
v 0.719209 0.857120 3.088891
v 0.694211 0.827328 3.105000
v 0.669212 0.797536 3.088891
v 0.658857 0.785196 3.050000
v 0.669212 0.797536 3.011109
v 0.694211 0.827328 2.995000
v 0.719209 0.857120 3.011109
v 0.567500 0.982939 3.050000
v 0.559445 0.968988 3.088891
v 0.540000 0.935307 3.105000
v 0.520555 0.901627 3.088891
v 0.512500 0.887676 3.050000
v 0.520555 0.901627 3.011109
v 0.540000 0.935307 2.995000
v 0.559445 0.968988 3.011109
v 0.388193 1.066551 3.050000
v 0.382683 1.051413 3.088891
v 0.369382 1.014868 3.105000
v 0.356080 0.978323 3.088891
v 0.350571 0.963185 3.050000
v 0.356080 0.978323 3.011109
v 0.369382 1.014868 2.995000
v 0.382683 1.051413 3.011109
v 0.197091 1.117757 3.050000
v 0.194293 1.101892 3.088891
v 0.187540 1.063592 3.105000
v 0.180787 1.025292 3.088891
v 0.177989 1.009428 3.050000
v 0.180787 1.025292 3.011109
v 0.187540 1.063592 2.995000
v 0.194293 1.101892 3.011109
v 0.000000 1.135000 3.050000
v 0.000000 1.118891 3.088891
v 0.000000 1.080000 3.105000
v 0.000000 1.041109 3.088891
v 0.000000 1.025000 3.050000
v 0.000000 1.041109 3.011109
v 0.000000 1.080000 2.995000
v 0.000000 1.118891 3.011109
v -0.197091 1.117757 3.050000
v -0.194293 1.101892 3.088891
v -0.187540 1.063592 3.105000
v -0.180787 1.025292 3.088891
v -0.177989 1.009428 3.050000
v -0.180787 1.025292 3.011109
v -0.187540 1.063592 2.995000
v -0.194293 1.101892 3.011109
v -0.388193 1.066551 3.050000
v -0.382683 1.051413 3.088891
v -0.369382 1.014868 3.105000
v -0.356080 0.978323 3.088891
v -0.350571 0.963185 3.050000
v -0.356080 0.978323 3.011109
v -0.369382 1.014868 2.995000
v -0.382683 1.051413 3.011109
v -0.567500 0.982939 3.050000
v -0.559445 0.968988 3.088891
v -0.540000 0.935307 3.105000
v -0.520555 0.901627 3.088891
v -0.512500 0.887676 3.050000
v -0.520555 0.901627 3.011109
v -0.540000 0.935307 2.995000
v -0.559445 0.968988 3.011109
v -0.729564 0.869460 3.050000
v -0.719209 0.857120 3.088891
v -0.694211 0.827328 3.105000
v -0.669212 0.797536 3.088891
v -0.658857 0.785196 3.050000
v -0.669212 0.797536 3.011109
v -0.694211 0.827328 2.995000
v -0.719209 0.857120 3.011109
v -0.869460 0.729564 3.050000
v -0.857120 0.719209 3.088891
v -0.827328 0.694211 3.105000
v -0.797536 0.669212 3.088891
v -0.785196 0.658857 3.050000
v -0.797536 0.669212 3.011109
v -0.827328 0.694211 2.995000
v -0.857120 0.719209 3.011109
v -0.982939 0.567500 3.050000
v -0.968988 0.559445 3.088891
v -0.935307 0.540000 3.105000
v -0.901627 0.520555 3.088891
v -0.887676 0.512500 3.050000
v -0.901627 0.520555 3.011109
v -0.935307 0.540000 2.995000
v -0.968988 0.559445 3.011109
v -1.066551 0.388193 3.050000
v -1.051413 0.382683 3.088891
v -1.014868 0.369382 3.105000
v -0.978323 0.356080 3.088891
v -0.963185 0.350571 3.050000
v -0.978323 0.356080 3.011109
v -1.014868 0.369382 2.995000
v -1.051413 0.382683 3.011109
v -1.117757 0.197091 3.050000
v -1.101892 0.194293 3.088891
v -1.063592 0.187540 3.105000
v -1.025292 0.180787 3.088891
v -1.009428 0.177989 3.050000
v -1.025292 0.180787 3.011109
v -1.063592 0.187540 2.995000
v -1.101892 0.194293 3.011109
v -1.135000 0.000000 3.050000
v -1.118891 0.000000 3.088891
v -1.080000 0.000000 3.105000
v -1.041109 0.000000 3.088891
v -1.025000 0.000000 3.050000
v -1.041109 0.000000 3.011109
v -1.080000 0.000000 2.995000
v -1.118891 0.000000 3.011109
v -1.117757 -0.197091 3.050000
v -1.101892 -0.194293 3.088891
v -1.063592 -0.187540 3.105000
v -1.025292 -0.180787 3.088891
v -1.009428 -0.177989 3.050000
v -1.025292 -0.180787 3.011109
v -1.063592 -0.187540 2.995000
v -1.101892 -0.194293 3.011109
v -1.066551 -0.388193 3.050000
v -1.051413 -0.382683 3.088891
v -1.014868 -0.369382 3.105000
v -0.978323 -0.356080 3.088891
v -0.963185 -0.350571 3.050000
v -0.978323 -0.356080 3.011109
v -1.014868 -0.369382 2.995000
v -1.051413 -0.382683 3.011109
v -0.982939 -0.567500 3.050000
v -0.968988 -0.559445 3.088891
v -0.935307 -0.540000 3.105000
v -0.901627 -0.520555 3.088891
v -0.887676 -0.512500 3.050000
v -0.901627 -0.520555 3.011109
v -0.935307 -0.540000 2.995000
v -0.968988 -0.559445 3.011109
v -0.869460 -0.729564 3.050000
v -0.857120 -0.719209 3.088891
v -0.827328 -0.694211 3.105000
v -0.797536 -0.669212 3.088891
v -0.785196 -0.658857 3.050000
v -0.797536 -0.669212 3.011109
v -0.827328 -0.694211 2.995000
v -0.857120 -0.719209 3.011109
v -0.729564 -0.869460 3.050000
v -0.719209 -0.857120 3.088891
v -0.694211 -0.827328 3.105000
v -0.669212 -0.797536 3.088891
v -0.658857 -0.785196 3.050000
v -0.669212 -0.797536 3.011109
v -0.694211 -0.827328 2.995000
v -0.719209 -0.857120 3.011109
v -0.567500 -0.982939 3.050000
v -0.559445 -0.968988 3.088891
v -0.540000 -0.935307 3.105000
v -0.520555 -0.901627 3.088891
v -0.512500 -0.887676 3.050000
v -0.520555 -0.901627 3.011109
v -0.540000 -0.935307 2.995000
v -0.559445 -0.968988 3.011109
v -0.388193 -1.066551 3.050000
v -0.382683 -1.051413 3.088891
v -0.369382 -1.014868 3.105000
v -0.356080 -0.978323 3.088891
v -0.350571 -0.963185 3.050000
v -0.356080 -0.978323 3.011109
v -0.369382 -1.014868 2.995000
v -0.382683 -1.051413 3.011109
v -0.197091 -1.117757 3.050000
v -0.194293 -1.101892 3.088891
v -0.187540 -1.063592 3.105000
v -0.180787 -1.025292 3.088891
v -0.177989 -1.009428 3.050000
v -0.180787 -1.025292 3.011109
v -0.187540 -1.063592 2.995000
v -0.194293 -1.101892 3.011109
v -0.000000 -1.135000 3.050000
v -0.000000 -1.118891 3.088891
v -0.000000 -1.080000 3.105000
v -0.000000 -1.041109 3.088891
v -0.000000 -1.025000 3.050000
v -0.000000 -1.041109 3.011109
v -0.000000 -1.080000 2.995000
v -0.000000 -1.118891 3.011109
v 0.197091 -1.117757 3.050000
v 0.194293 -1.101892 3.088891
v 0.187540 -1.063592 3.105000
v 0.180787 -1.025292 3.088891
v 0.177989 -1.009428 3.050000
v 0.180787 -1.025292 3.011109
v 0.187540 -1.063592 2.995000
v 0.194293 -1.101892 3.011109
v 0.388193 -1.066551 3.050000
v 0.382683 -1.051413 3.088891
v 0.369382 -1.014868 3.105000
v 0.356080 -0.978323 3.088891
v 0.350571 -0.963185 3.050000
v 0.356080 -0.978323 3.011109
v 0.369382 -1.014868 2.995000
v 0.382683 -1.051413 3.011109
v 0.567500 -0.982939 3.050000
v 0.559445 -0.968988 3.088891
v 0.540000 -0.935307 3.105000
v 0.520555 -0.901627 3.088891
v 0.512500 -0.887676 3.050000
v 0.520555 -0.901627 3.011109
v 0.540000 -0.935307 2.995000
v 0.559445 -0.968988 3.011109
v 0.729564 -0.869460 3.050000
v 0.719209 -0.857120 3.088891
v 0.694211 -0.827328 3.105000
v 0.669212 -0.797536 3.088891
v 0.658857 -0.785196 3.050000
v 0.669212 -0.797536 3.011109
v 0.694211 -0.827328 2.995000
v 0.719209 -0.857120 3.011109
v 0.869460 -0.729564 3.050000
v 0.857120 -0.719209 3.088891
v 0.827328 -0.694211 3.105000
v 0.797536 -0.669212 3.088891
v 0.785196 -0.658857 3.050000
v 0.797536 -0.669212 3.011109
v 0.827328 -0.694211 2.995000
v 0.857120 -0.719209 3.011109
v 0.982939 -0.567500 3.050000
v 0.968988 -0.559445 3.088891
v 0.935307 -0.540000 3.105000
v 0.901627 -0.520555 3.088891
v 0.887676 -0.512500 3.050000
v 0.901627 -0.520555 3.011109
v 0.935307 -0.540000 2.995000
v 0.968988 -0.559445 3.011109
v 1.066551 -0.388193 3.050000
v 1.051413 -0.382683 3.088891
v 1.014868 -0.369382 3.105000
v 0.978323 -0.356080 3.088891
v 0.963185 -0.350571 3.050000
v 0.978323 -0.356080 3.011109
v 1.014868 -0.369382 2.995000
v 1.051413 -0.382683 3.011109
v 1.117757 -0.197091 3.050000
v 1.101892 -0.194293 3.088891
v 1.063592 -0.187540 3.105000
v 1.025292 -0.180787 3.088891
v 1.009428 -0.177989 3.050000
v 1.025292 -0.180787 3.011109
v 1.063592 -0.187540 2.995000
v 1.101892 -0.194293 3.011109
v 2.066997 0.263381 0.841707
v 2.033441 0.322752 0.850571
v 1.965995 0.309752 0.847185
v 1.957867 0.242348 0.836229
v 2.020290 0.213689 0.832843
v 2.136141 0.239543 0.937073
v 2.061571 0.371476 0.956771
v 1.911690 0.342589 0.949247
v 1.893629 0.192802 0.924899
v 2.032347 0.129116 0.917375
v 2.109464 0.213778 1.115366
v 2.048317 0.321964 1.131518
v 1.925415 0.298276 1.125349
v 1.910605 0.175451 1.105384
v 2.024354 0.123228 1.099214
v 2.001068 0.205281 1.248050
v 1.660026 1.464570 1.361707
v 1.667775 1.532326 1.370571
v 1.605569 1.561453 1.367185
v 1.559375 1.511699 1.356229
v 1.593031 1.451822 1.352843
v 1.701952 1.404643 1.457073
v 1.719173 1.555211 1.476771
v 1.580937 1.619938 1.469247
v 1.478283 1.509373 1.444899
v 1.553074 1.376314 1.437375
v 1.665227 1.399478 1.635366
v 1.679347 1.522944 1.651518
v 1.565994 1.576020 1.645349
v 1.481818 1.485358 1.625384
v 1.543147 1.376249 1.619214
v 1.572537 1.456318 1.768050
v 0.429261 1.930195 0.841707
v 0.475356 1.980456 0.850571
v 0.442151 2.040584 0.847185
v 0.375535 2.027485 0.836229
v 0.367568 1.959261 0.832843
v 0.427956 1.857069 0.937073
v 0.530389 1.968759 0.956771
v 0.456600 2.102378 0.949247
v 0.308563 2.073268 0.924899
v 0.290860 1.921659 0.917375
v 0.395209 1.874478 1.115366
v 0.479204 1.966064 1.131518
v 0.418697 2.075631 1.125349
v 0.297306 2.051761 1.105384
v 0.282790 1.927442 1.099214
v 0.353631 1.974944 1.248050
v -0.915517 1.912573 1.361707
v -0.848683 1.926140 1.370571
v -0.840204 1.994302 1.367185
v -0.901797 2.022861 1.356229
v -0.948343 1.972349 1.352843
v -0.959555 1.854180 1.457073
v -0.811035 1.884330 1.476771
v -0.792193 2.035802 1.469247
v -0.929068 2.099266 1.444899
v -1.032504 1.987017 1.437375
v -0.975816 1.887512 1.635366
v -0.854029 1.912235 1.651518
v -0.838579 2.036442 1.645349
v -0.950816 2.088483 1.625384
v -1.035633 1.996439 1.619214
v -0.950400 1.993229 1.768050
v -1.801699 0.929545 0.841707
v -1.739654 0.901237 0.850571
v -1.692730 0.951398 0.847185
v -1.725774 1.010706 0.836229
v -1.793120 0.997200 0.832843
v -1.871649 0.908189 0.937073
v -1.733772 0.845284 0.956771
v -1.629496 0.956752 0.949247
v -1.702927 1.088548 0.924899
v -1.852586 1.058535 0.917375
v -1.865212 0.944713 1.115366
v -1.752153 0.893131 1.131518
v -1.666646 0.984534 1.125349
v -1.726859 1.092608 1.105384
v -1.849580 1.067997 1.099214
v -1.782512 1.015302 1.248050
v -2.225847 -0.282535 1.361707
v -2.192290 -0.341906 1.370571
v -2.124844 -0.328906 1.367185
v -2.116716 -0.261502 1.356229
v -2.179139 -0.232843 1.352843
v -2.294990 -0.258697 1.457073
v -2.220420 -0.390630 1.476771
v -2.070540 -0.361743 1.469247
v -2.052478 -0.211956 1.444899
v -2.191196 -0.148270 1.437375
v -2.268314 -0.232932 1.635366
v -2.207166 -0.341118 1.651518
v -2.084265 -0.317430 1.645349
v -2.069454 -0.194605 1.625384
v -2.183203 -0.142382 1.619214
v -2.159917 -0.224435 1.768050
v -1.542773 -1.355705 0.841707
v -1.550522 -1.423461 0.850571
v -1.488316 -1.452588 0.847185
v -1.442121 -1.402834 0.836229
v -1.475778 -1.342957 0.832843
v -1.584699 -1.295777 0.937073
v -1.601919 -1.446345 0.956771
v -1.463684 -1.511073 0.949247
v -1.361029 -1.400508 0.924899
v -1.435821 -1.267449 0.917375
v -1.547973 -1.290613 1.115366
v -1.562094 -1.414079 1.131518
v -1.448741 -1.467155 1.125349
v -1.364564 -1.376493 1.105384
v -1.425893 -1.267384 1.099214
v -1.455284 -1.347453 1.248050
v -0.460132 -2.087189 1.361707
v -0.506227 -2.137450 1.370571
v -0.473022 -2.197578 1.367185
v -0.406405 -2.184478 1.356229
v -0.398439 -2.116254 1.352843
v -0.458827 -2.014063 1.457073
v -0.561260 -2.125753 1.476771
v -0.487471 -2.259371 1.469247
v -0.339433 -2.230262 1.444899
v -0.321730 -2.078653 1.437375
v -0.426079 -2.031472 1.635366
v -0.510075 -2.123058 1.651518
v -0.449568 -2.232625 1.645349
v -0.328177 -2.208755 1.625384
v -0.313661 -2.084436 1.619214
v -0.384502 -2.131938 1.768050
v 0.848213 -1.767417 0.841707
v 0.781379 -1.780984 0.850571
v 0.772900 -1.849146 0.847185
v 0.834494 -1.877705 0.836229
v 0.881040 -1.827194 0.832843
v 0.892252 -1.709024 0.937073
v 0.743732 -1.739174 0.956771
v 0.724890 -1.890646 0.949247
v 0.861764 -1.954110 0.924899
v 0.965200 -1.841861 0.917375
v 0.908512 -1.742356 1.115366
v 0.786726 -1.767080 1.131518
v 0.771275 -1.891286 1.125349
v 0.883512 -1.943327 1.105384
v 0.968329 -1.851283 1.099214
v 0.883097 -1.848073 1.248050
v 1.941469 -1.007418 1.361707
v 1.879425 -0.979111 1.370571
v 1.832500 -1.029271 1.367185
v 1.865544 -1.088580 1.356229
v 1.932891 -1.075074 1.352843
v 2.011420 -0.986063 1.457073
v 1.873542 -0.923157 1.476771
v 1.769266 -1.034625 1.469247
v 1.842697 -1.166422 1.444899
v 1.992356 -1.136409 1.437375
v 2.004982 -1.022587 1.635366
v 1.891923 -0.971004 1.651518
v 1.806416 -1.062408 1.645349
v 1.866630 -1.170481 1.625384
v 1.989350 -1.145870 1.619214
v 1.922282 -1.093175 1.768050
v 0.640000 0.000000 0.750000
v 0.623954 0.142413 0.750000
v 0.576620 0.277686 0.750000
v 0.500372 0.399033 0.750000
v 0.399033 0.500372 0.750000
v 0.277686 0.576620 0.750000
v 0.142413 0.623954 0.750000
v 0.000000 0.640000 0.750000
v -0.142413 0.623954 0.750000
v -0.277686 0.576620 0.750000
v -0.399033 0.500372 0.750000
v -0.500372 0.399033 0.750000
v -0.576620 0.277686 0.750000
v -0.623954 0.142413 0.750000
v -0.640000 0.000000 0.750000
v -0.623954 -0.142413 0.750000
v -0.576620 -0.277686 0.750000
v -0.500372 -0.399033 0.750000
v -0.399033 -0.500372 0.750000
v -0.277686 -0.576620 0.750000
v -0.142413 -0.623954 0.750000
v -0.000000 -0.640000 0.750000
v 0.142413 -0.623954 0.750000
v 0.277686 -0.576620 0.750000
v 0.399033 -0.500372 0.750000
v 0.500372 -0.399033 0.750000
v 0.576620 -0.277686 0.750000
v 0.623954 -0.142413 0.750000
v 0.640000 0.000000 5.950000
v 0.623954 0.142413 5.950000
v 0.576620 0.277686 5.950000
v 0.500372 0.399033 5.950000
v 0.399033 0.500372 5.950000
v 0.277686 0.576620 5.950000
v 0.142413 0.623954 5.950000
v 0.000000 0.640000 5.950000
v -0.142413 0.623954 5.950000
v -0.277686 0.576620 5.950000
v -0.399033 0.500372 5.950000
v -0.500372 0.399033 5.950000
v -0.576620 0.277686 5.950000
v -0.623954 0.142413 5.950000
v -0.640000 0.000000 5.950000
v -0.623954 -0.142413 5.950000
v -0.576620 -0.277686 5.950000
v -0.500372 -0.399033 5.950000
v -0.399033 -0.500372 5.950000
v -0.277686 -0.576620 5.950000
v -0.142413 -0.623954 5.950000
v -0.000000 -0.640000 5.950000
v 0.142413 -0.623954 5.950000
v 0.277686 -0.576620 5.950000
v 0.399033 -0.500372 5.950000
v 0.500372 -0.399033 5.950000
v 0.576620 -0.277686 5.950000
v 0.623954 -0.142413 5.950000
v 0.000000 0.000000 0.750000
v 0.000000 0.000000 5.950000
v 0.220000 0.000000 0.670000
v 0.212504 0.056940 0.670000
v 0.190526 0.110000 0.670000
v 0.155563 0.155563 0.670000
v 0.110000 0.190526 0.670000
v 0.056940 0.212504 0.670000
v 0.000000 0.220000 0.670000
v -0.056940 0.212504 0.670000
v -0.110000 0.190526 0.670000
v -0.155563 0.155563 0.670000
v -0.190526 0.110000 0.670000
v -0.212504 0.056940 0.670000
v -0.220000 0.000000 0.670000
v -0.212504 -0.056940 0.670000
v -0.190526 -0.110000 0.670000
v -0.155563 -0.155563 0.670000
v -0.110000 -0.190526 0.670000
v -0.056940 -0.212504 0.670000
v -0.000000 -0.220000 0.670000
v 0.056940 -0.212504 0.670000
v 0.110000 -0.190526 0.670000
v 0.155563 -0.155563 0.670000
v 0.190526 -0.110000 0.670000
v 0.212504 -0.056940 0.670000
v 0.220000 0.000000 6.370000
v 0.212504 0.056940 6.370000
v 0.190526 0.110000 6.370000
v 0.155563 0.155563 6.370000
v 0.110000 0.190526 6.370000
v 0.056940 0.212504 6.370000
v 0.000000 0.220000 6.370000
v -0.056940 0.212504 6.370000
v -0.110000 0.190526 6.370000
v -0.155563 0.155563 6.370000
v -0.190526 0.110000 6.370000
v -0.212504 0.056940 6.370000
v -0.220000 0.000000 6.370000
v -0.212504 -0.056940 6.370000
v -0.190526 -0.110000 6.370000
v -0.155563 -0.155563 6.370000
v -0.110000 -0.190526 6.370000
v -0.056940 -0.212504 6.370000
v -0.000000 -0.220000 6.370000
v 0.056940 -0.212504 6.370000
v 0.110000 -0.190526 6.370000
v 0.155563 -0.155563 6.370000
v 0.190526 -0.110000 6.370000
v 0.212504 -0.056940 6.370000
v 0.000000 0.000000 0.670000
v 0.000000 0.000000 6.370000
v 0.805000 -0.027500 0.552500
v 2.155000 -0.027500 0.552500
v 2.155000 0.027500 0.552500
v 0.805000 0.027500 0.552500
v 0.805000 -0.027500 0.587500
v 2.155000 -0.027500 0.587500
v 2.155000 0.027500 0.587500
v 0.805000 0.027500 0.587500
v 0.710900 0.378684 0.552500
v 1.880035 1.053684 0.552500
v 1.852535 1.101316 0.552500
v 0.683400 0.426316 0.552500
v 0.710900 0.378684 0.587500
v 1.880035 1.053684 0.587500
v 1.852535 1.101316 0.587500
v 0.683400 0.426316 0.587500
v 0.426316 0.683400 0.552500
v 1.101316 1.852535 0.552500
v 1.053684 1.880035 0.552500
v 0.378684 0.710900 0.552500
v 0.426316 0.683400 0.587500
v 1.101316 1.852535 0.587500
v 1.053684 1.880035 0.587500
v 0.378684 0.710900 0.587500
v 0.027500 0.805000 0.552500
v 0.027500 2.155000 0.552500
v -0.027500 2.155000 0.552500
v -0.027500 0.805000 0.552500
v 0.027500 0.805000 0.587500
v 0.027500 2.155000 0.587500
v -0.027500 2.155000 0.587500
v -0.027500 0.805000 0.587500
v -0.378684 0.710900 0.552500
v -1.053684 1.880035 0.552500
v -1.101316 1.852535 0.552500
v -0.426316 0.683400 0.552500
v -0.378684 0.710900 0.587500
v -1.053684 1.880035 0.587500
v -1.101316 1.852535 0.587500
v -0.426316 0.683400 0.587500
v -0.683400 0.426316 0.552500
v -1.852535 1.101316 0.552500
v -1.880035 1.053684 0.552500
v -0.710900 0.378684 0.552500
v -0.683400 0.426316 0.587500
v -1.852535 1.101316 0.587500
v -1.880035 1.053684 0.587500
v -0.710900 0.378684 0.587500
v -0.805000 0.027500 0.552500
v -2.155000 0.027500 0.552500
v -2.155000 -0.027500 0.552500
v -0.805000 -0.027500 0.552500
v -0.805000 0.027500 0.587500
v -2.155000 0.027500 0.587500
v -2.155000 -0.027500 0.587500
v -0.805000 -0.027500 0.587500
v -0.710900 -0.378684 0.552500
v -1.880035 -1.053684 0.552500
v -1.852535 -1.101316 0.552500
v -0.683400 -0.426316 0.552500
v -0.710900 -0.378684 0.587500
v -1.880035 -1.053684 0.587500
v -1.852535 -1.101316 0.587500
v -0.683400 -0.426316 0.587500
v -0.426316 -0.683400 0.552500
v -1.101316 -1.852535 0.552500
v -1.053684 -1.880035 0.552500
v -0.378684 -0.710900 0.552500
v -0.426316 -0.683400 0.587500
v -1.101316 -1.852535 0.587500
v -1.053684 -1.880035 0.587500
v -0.378684 -0.710900 0.587500
v -0.027500 -0.805000 0.552500
v -0.027500 -2.155000 0.552500
v 0.027500 -2.155000 0.552500
v 0.027500 -0.805000 0.552500
v -0.027500 -0.805000 0.587500
v -0.027500 -2.155000 0.587500
v 0.027500 -2.155000 0.587500
v 0.027500 -0.805000 0.587500
v 0.378684 -0.710900 0.552500
v 1.053684 -1.880035 0.552500
v 1.101316 -1.852535 0.552500
v 0.426316 -0.683400 0.552500
v 0.378684 -0.710900 0.587500
v 1.053684 -1.880035 0.587500
v 1.101316 -1.852535 0.587500
v 0.426316 -0.683400 0.587500
v 0.683400 -0.426316 0.552500
v 1.852535 -1.101316 0.552500
v 1.880035 -1.053684 0.552500
v 0.710900 -0.378684 0.552500
v 0.683400 -0.426316 0.587500
v 1.852535 -1.101316 0.587500
v 1.880035 -1.053684 0.587500
v 0.710900 -0.378684 0.587500
v 0.135000 0.000000 3.140400
v 0.084171 0.105547 3.140400
v -0.030040 0.131615 3.140400
v -0.121631 0.058574 3.140400
v -0.121631 -0.058574 3.140400
v -0.030040 -0.131615 3.140400
v 0.084171 -0.105547 3.140400
v 0.300000 0.000000 3.306000
v 0.187047 0.234549 3.306000
v -0.066756 0.292478 3.306000
v -0.270291 0.130165 3.306000
v -0.270291 -0.130165 3.306000
v -0.066756 -0.292478 3.306000
v 0.187047 -0.234549 3.306000
v 0.246000 0.000000 3.615600
v 0.153378 0.192331 3.615600
v -0.054740 0.239832 3.615600
v -0.221638 0.106735 3.615600
v -0.221638 -0.106735 3.615600
v -0.054740 -0.239832 3.615600
v 0.153378 -0.192331 3.615600
v 0.000000 0.000000 3.846000
o BaseLower
usemtl CoolStone
s off
f 1 2 14 13
f 25 2 1
f 26 13 14
f 2 3 15 14
f 25 3 2
f 26 14 15
f 3 4 16 15
f 25 4 3
f 26 15 16
f 4 5 17 16
f 25 5 4
f 26 16 17
f 5 6 18 17
f 25 6 5
f 26 17 18
f 6 7 19 18
f 25 7 6
f 26 18 19
f 7 8 20 19
f 25 8 7
f 26 19 20
f 8 9 21 20
f 25 9 8
f 26 20 21
f 9 10 22 21
f 25 10 9
f 26 21 22
f 10 11 23 22
f 25 11 10
f 26 22 23
f 11 12 24 23
f 25 12 11
f 26 23 24
f 12 1 13 24
f 25 1 12
f 26 24 13
o BaseGold
usemtl AntiqueGold
s off
f 27 28 40 39
f 51 28 27
f 52 39 40
f 28 29 41 40
f 51 29 28
f 52 40 41
f 29 30 42 41
f 51 30 29
f 52 41 42
f 30 31 43 42
f 51 31 30
f 52 42 43
f 31 32 44 43
f 51 32 31
f 52 43 44
f 32 33 45 44
f 51 33 32
f 52 44 45
f 33 34 46 45
f 51 34 33
f 52 45 46
f 34 35 47 46
f 51 35 34
f 52 46 47
f 35 36 48 47
f 51 36 35
f 52 47 48
f 36 37 49 48
f 51 37 36
f 52 48 49
f 37 38 50 49
f 51 38 37
f 52 49 50
f 38 27 39 50
f 51 27 38
f 52 50 39
o BaseInner
usemtl IvoryStone
s off
f 53 54 66 65
f 77 54 53
f 78 65 66
f 54 55 67 66
f 77 55 54
f 78 66 67
f 55 56 68 67
f 77 56 55
f 78 67 68
f 56 57 69 68
f 77 57 56
f 78 68 69
f 57 58 70 69
f 77 58 57
f 78 69 70
f 58 59 71 70
f 77 59 58
f 78 70 71
f 59 60 72 71
f 77 60 59
f 78 71 72
f 60 61 73 72
f 77 61 60
f 78 72 73
f 61 62 74 73
f 77 62 61
f 78 73 74
f 62 63 75 74
f 77 63 62
f 78 74 75
f 63 64 76 75
f 77 64 63
f 78 75 76
f 64 53 65 76
f 77 53 64
f 78 76 65
o BaseHalo
usemtl CyanCrystal
s 1
f 79 87 88 80
f 80 88 89 81
f 81 89 90 82
f 82 90 91 83
f 83 91 92 84
f 84 92 93 85
f 85 93 94 86
f 86 94 87 79
f 87 95 96 88
f 88 96 97 89
f 89 97 98 90
f 90 98 99 91
f 91 99 100 92
f 92 100 101 93
f 93 101 102 94
f 94 102 95 87
f 95 103 104 96
f 96 104 105 97
f 97 105 106 98
f 98 106 107 99
f 99 107 108 100
f 100 108 109 101
f 101 109 110 102
f 102 110 103 95
f 103 111 112 104
f 104 112 113 105
f 105 113 114 106
f 106 114 115 107
f 107 115 116 108
f 108 116 117 109
f 109 117 118 110
f 110 118 111 103
f 111 119 120 112
f 112 120 121 113
f 113 121 122 114
f 114 122 123 115
f 115 123 124 116
f 116 124 125 117
f 117 125 126 118
f 118 126 119 111
f 119 127 128 120
f 120 128 129 121
f 121 129 130 122
f 122 130 131 123
f 123 131 132 124
f 124 132 133 125
f 125 133 134 126
f 126 134 127 119
f 127 135 136 128
f 128 136 137 129
f 129 137 138 130
f 130 138 139 131
f 131 139 140 132
f 132 140 141 133
f 133 141 142 134
f 134 142 135 127
f 135 143 144 136
f 136 144 145 137
f 137 145 146 138
f 138 146 147 139
f 139 147 148 140
f 140 148 149 141
f 141 149 150 142
f 142 150 143 135
f 143 151 152 144
f 144 152 153 145
f 145 153 154 146
f 146 154 155 147
f 147 155 156 148
f 148 156 157 149
f 149 157 158 150
f 150 158 151 143
f 151 159 160 152
f 152 160 161 153
f 153 161 162 154
f 154 162 163 155
f 155 163 164 156
f 156 164 165 157
f 157 165 166 158
f 158 166 159 151
f 159 167 168 160
f 160 168 169 161
f 161 169 170 162
f 162 170 171 163
f 163 171 172 164
f 164 172 173 165
f 165 173 174 166
f 166 174 167 159
f 167 175 176 168
f 168 176 177 169
f 169 177 178 170
f 170 178 179 171
f 171 179 180 172
f 172 180 181 173
f 173 181 182 174
f 174 182 175 167
f 175 183 184 176
f 176 184 185 177
f 177 185 186 178
f 178 186 187 179
f 179 187 188 180
f 180 188 189 181
f 181 189 190 182
f 182 190 183 175
f 183 191 192 184
f 184 192 193 185
f 185 193 194 186
f 186 194 195 187
f 187 195 196 188
f 188 196 197 189
f 189 197 198 190
f 190 198 191 183
f 191 199 200 192
f 192 200 201 193
f 193 201 202 194
f 194 202 203 195
f 195 203 204 196
f 196 204 205 197
f 197 205 206 198
f 198 206 199 191
f 199 207 208 200
f 200 208 209 201
f 201 209 210 202
f 202 210 211 203
f 203 211 212 204
f 204 212 213 205
f 205 213 214 206
f 206 214 207 199
f 207 215 216 208
f 208 216 217 209
f 209 217 218 210
f 210 218 219 211
f 211 219 220 212
f 212 220 221 213
f 213 221 222 214
f 214 222 215 207
f 215 223 224 216
f 216 224 225 217
f 217 225 226 218
f 218 226 227 219
f 219 227 228 220
f 220 228 229 221
f 221 229 230 222
f 222 230 223 215
f 223 231 232 224
f 224 232 233 225
f 225 233 234 226
f 226 234 235 227
f 227 235 236 228
f 228 236 237 229
f 229 237 238 230
f 230 238 231 223
f 231 239 240 232
f 232 240 241 233
f 233 241 242 234
f 234 242 243 235
f 235 243 244 236
f 236 244 245 237
f 237 245 246 238
f 238 246 239 231
f 239 247 248 240
f 240 248 249 241
f 241 249 250 242
f 242 250 251 243
f 243 251 252 244
f 244 252 253 245
f 245 253 254 246
f 246 254 247 239
f 247 255 256 248
f 248 256 257 249
f 249 257 258 250
f 250 258 259 251
f 251 259 260 252
f 252 260 261 253
f 253 261 262 254
f 254 262 255 247
f 255 263 264 256
f 256 264 265 257
f 257 265 266 258
f 258 266 267 259
f 259 267 268 260
f 260 268 269 261
f 261 269 270 262
f 262 270 263 255
f 263 271 272 264
f 264 272 273 265
f 265 273 274 266
f 266 274 275 267
f 267 275 276 268
f 268 276 277 269
f 269 277 278 270
f 270 278 271 263
f 271 279 280 272
f 272 280 281 273
f 273 281 282 274
f 274 282 283 275
f 275 283 284 276
f 276 284 285 277
f 277 285 286 278
f 278 286 279 271
f 279 287 288 280
f 280 288 289 281
f 281 289 290 282
f 282 290 291 283
f 283 291 292 284
f 284 292 293 285
f 285 293 294 286
f 286 294 287 279
f 287 295 296 288
f 288 296 297 289
f 289 297 298 290
f 290 298 299 291
f 291 299 300 292
f 292 300 301 293
f 293 301 302 294
f 294 302 295 287
f 295 303 304 296
f 296 304 305 297
f 297 305 306 298
f 298 306 307 299
f 299 307 308 300
f 300 308 309 301
f 301 309 310 302
f 302 310 303 295
f 303 311 312 304
f 304 312 313 305
f 305 313 314 306
f 306 314 315 307
f 307 315 316 308
f 308 316 317 309
f 309 317 318 310
f 310 318 311 303
f 311 319 320 312
f 312 320 321 313
f 313 321 322 314
f 314 322 323 315
f 315 323 324 316
f 316 324 325 317
f 317 325 326 318
f 318 326 319 311
f 319 327 328 320
f 320 328 329 321
f 321 329 330 322
f 322 330 331 323
f 323 331 332 324
f 324 332 333 325
f 325 333 334 326
f 326 334 327 319
f 327 335 336 328
f 328 336 337 329
f 329 337 338 330
f 330 338 339 331
f 331 339 340 332
f 332 340 341 333
f 333 341 342 334
f 334 342 335 327
f 335 343 344 336
f 336 344 345 337
f 337 345 346 338
f 338 346 347 339
f 339 347 348 340
f 340 348 349 341
f 341 349 350 342
f 342 350 343 335
f 343 351 352 344
f 344 352 353 345
f 345 353 354 346
f 346 354 355 347
f 347 355 356 348
f 348 356 357 349
f 349 357 358 350
f 350 358 351 343
f 351 359 360 352
f 352 360 361 353
f 353 361 362 354
f 354 362 363 355
f 355 363 364 356
f 356 364 365 357
f 357 365 366 358
f 358 366 359 351
f 359 367 368 360
f 360 368 369 361
f 361 369 370 362
f 362 370 371 363
f 363 371 372 364
f 364 372 373 365
f 365 373 374 366
f 366 374 367 359
f 367 375 376 368
f 368 376 377 369
f 369 377 378 370
f 370 378 379 371
f 371 379 380 372
f 372 380 381 373
f 373 381 382 374
f 374 382 375 367
f 375 383 384 376
f 376 384 385 377
f 377 385 386 378
f 378 386 387 379
f 379 387 388 380
f 380 388 389 381
f 381 389 390 382
f 382 390 383 375
f 383 391 392 384
f 384 392 393 385
f 385 393 394 386
f 386 394 395 387
f 387 395 396 388
f 388 396 397 389
f 389 397 398 390
f 390 398 391 383
f 391 79 80 392
f 392 80 81 393
f 393 81 82 394
f 394 82 83 395
f 395 83 84 396
f 396 84 85 397
f 397 85 86 398
f 398 86 79 391
o HolyCrystal
usemtl CyanCrystal
s off
f 399 400 407 406
f 400 401 408 407
f 401 402 409 408
f 402 403 410 409
f 403 404 411 410
f 404 405 412 411
f 405 399 406 412
f 406 407 414 413
f 407 408 415 414
f 408 409 416 415
f 409 410 417 416
f 410 411 418 417
f 411 412 419 418
f 412 406 413 419
f 413 414 420
f 414 415 420
f 415 416 420
f 416 417 420
f 417 418 420
f 418 419 420
f 419 413 420
f 405 404 403 402 401 400 399
o CrystalHeart
usemtl HolyWhite
s 1
f 421 422 423
f 421 423 424
f 421 424 425
f 421 425 426
f 421 426 427
f 421 427 428
f 421 428 429
f 421 429 430
f 421 430 431
f 421 431 432
f 421 432 433
f 421 433 434
f 421 434 435
f 421 435 436
f 421 436 437
f 421 437 438
f 421 438 439
f 421 439 422
f 422 440 441 423
f 423 441 442 424
f 424 442 443 425
f 425 443 444 426
f 426 444 445 427
f 427 445 446 428
f 428 446 447 429
f 429 447 448 430
f 430 448 449 431
f 431 449 450 432
f 432 450 451 433
f 433 451 452 434
f 434 452 453 435
f 435 453 454 436
f 436 454 455 437
f 437 455 456 438
f 438 456 457 439
f 439 457 440 422
f 440 458 459 441
f 441 459 460 442
f 442 460 461 443
f 443 461 462 444
f 444 462 463 445
f 445 463 464 446
f 446 464 465 447
f 447 465 466 448
f 448 466 467 449
f 449 467 468 450
f 450 468 469 451
f 451 469 470 452
f 452 470 471 453
f 453 471 472 454
f 454 472 473 455
f 455 473 474 456
f 456 474 475 457
f 457 475 458 440
f 458 476 477 459
f 459 477 478 460
f 460 478 479 461
f 461 479 480 462
f 462 480 481 463
f 463 481 482 464
f 464 482 483 465
f 465 483 484 466
f 466 484 485 467
f 467 485 486 468
f 468 486 487 469
f 469 487 488 470
f 470 488 489 471
f 471 489 490 472
f 472 490 491 473
f 473 491 492 474
f 474 492 493 475
f 475 493 476 458
f 476 494 495 477
f 477 495 496 478
f 478 496 497 479
f 479 497 498 480
f 480 498 499 481
f 481 499 500 482
f 482 500 501 483
f 483 501 502 484
f 484 502 503 485
f 485 503 504 486
f 486 504 505 487
f 487 505 506 488
f 488 506 507 489
f 489 507 508 490
f 490 508 509 491
f 491 509 510 492
f 492 510 511 493
f 493 511 494 476
f 494 512 513 495
f 495 513 514 496
f 496 514 515 497
f 497 515 516 498
f 498 516 517 499
f 499 517 518 500
f 500 518 519 501
f 501 519 520 502
f 502 520 521 503
f 503 521 522 504
f 504 522 523 505
f 505 523 524 506
f 506 524 525 507
f 507 525 526 508
f 508 526 527 509
f 509 527 528 510
f 510 528 529 511
f 511 529 512 494
f 512 530 531 513
f 513 531 532 514
f 514 532 533 515
f 515 533 534 516
f 516 534 535 517
f 517 535 536 518
f 518 536 537 519
f 519 537 538 520
f 520 538 539 521
f 521 539 540 522
f 522 540 541 523
f 523 541 542 524
f 524 542 543 525
f 525 543 544 526
f 526 544 545 527
f 527 545 546 528
f 528 546 547 529
f 529 547 530 512
f 530 548 549 531
f 531 549 550 532
f 532 550 551 533
f 533 551 552 534
f 534 552 553 535
f 535 553 554 536
f 536 554 555 537
f 537 555 556 538
f 538 556 557 539
f 539 557 558 540
f 540 558 559 541
f 541 559 560 542
f 542 560 561 543
f 543 561 562 544
f 544 562 563 545
f 545 563 564 546
f 546 564 565 547
f 547 565 548 530
f 548 566 567 549
f 549 567 568 550
f 550 568 569 551
f 551 569 570 552
f 552 570 571 553
f 553 571 572 554
f 554 572 573 555
f 555 573 574 556
f 556 574 575 557
f 557 575 576 558
f 558 576 577 559
f 559 577 578 560
f 560 578 579 561
f 561 579 580 562
f 562 580 581 563
f 563 581 582 564
f 564 582 583 565
f 565 583 566 548
f 584 567 566
f 584 568 567
f 584 569 568
f 584 570 569
f 584 571 570
f 584 572 571
f 584 573 572
f 584 574 573
f 584 575 574
f 584 576 575
f 584 577 576
f 584 578 577
f 584 579 578
f 584 580 579
f 584 581 580
f 584 582 581
f 584 583 582
f 584 566 583
o Prong_1
usemtl IvoryStone
s off
f 585 588 587 586
f 589 590 591 592
f 585 586 590 589
f 586 587 591 590
f 587 588 592 591
f 588 585 589 592
o ProngTip_1
usemtl AntiqueGold
s off
f 593 594 599 598
f 594 595 600 599
f 595 596 601 600
f 596 597 602 601
f 597 593 598 602
f 598 599 604 603
f 599 600 605 604
f 600 601 606 605
f 601 602 607 606
f 602 598 603 607
f 603 604 608
f 604 605 608
f 605 606 608
f 606 607 608
f 607 603 608
f 597 596 595 594 593
o Prong_2
usemtl IvoryStone
s off
f 609 612 611 610
f 613 614 615 616
f 609 610 614 613
f 610 611 615 614
f 611 612 616 615
f 612 609 613 616
o ProngTip_2
usemtl AntiqueGold
s off
f 617 618 623 622
f 618 619 624 623
f 619 620 625 624
f 620 621 626 625
f 621 617 622 626
f 622 623 628 627
f 623 624 629 628
f 624 625 630 629
f 625 626 631 630
f 626 622 627 631
f 627 628 632
f 628 629 632
f 629 630 632
f 630 631 632
f 631 627 632
f 621 620 619 618 617
o Prong_3
usemtl IvoryStone
s off
f 633 636 635 634
f 637 638 639 640
f 633 634 638 637
f 634 635 639 638
f 635 636 640 639
f 636 633 637 640
o ProngTip_3
usemtl AntiqueGold
s off
f 641 642 647 646
f 642 643 648 647
f 643 644 649 648
f 644 645 650 649
f 645 641 646 650
f 646 647 652 651
f 647 648 653 652
f 648 649 654 653
f 649 650 655 654
f 650 646 651 655
f 651 652 656
f 652 653 656
f 653 654 656
f 654 655 656
f 655 651 656
f 645 644 643 642 641
o Prong_4
usemtl IvoryStone
s off
f 657 660 659 658
f 661 662 663 664
f 657 658 662 661
f 658 659 663 662
f 659 660 664 663
f 660 657 661 664
o ProngTip_4
usemtl AntiqueGold
s off
f 665 666 671 670
f 666 667 672 671
f 667 668 673 672
f 668 669 674 673
f 669 665 670 674
f 670 671 676 675
f 671 672 677 676
f 672 673 678 677
f 673 674 679 678
f 674 670 675 679
f 675 676 680
f 676 677 680
f 677 678 680
f 678 679 680
f 679 675 680
f 669 668 667 666 665
o HaloVertical_A
usemtl AntiqueGold
s 1
f 681 689 690 682
f 682 690 691 683
f 683 691 692 684
f 684 692 693 685
f 685 693 694 686
f 686 694 695 687
f 687 695 696 688
f 688 696 689 681
f 689 697 698 690
f 690 698 699 691
f 691 699 700 692
f 692 700 701 693
f 693 701 702 694
f 694 702 703 695
f 695 703 704 696
f 696 704 697 689
f 697 705 706 698
f 698 706 707 699
f 699 707 708 700
f 700 708 709 701
f 701 709 710 702
f 702 710 711 703
f 703 711 712 704
f 704 712 705 697
f 705 713 714 706
f 706 714 715 707
f 707 715 716 708
f 708 716 717 709
f 709 717 718 710
f 710 718 719 711
f 711 719 720 712
f 712 720 713 705
f 713 721 722 714
f 714 722 723 715
f 715 723 724 716
f 716 724 725 717
f 717 725 726 718
f 718 726 727 719
f 719 727 728 720
f 720 728 721 713
f 721 729 730 722
f 722 730 731 723
f 723 731 732 724
f 724 732 733 725
f 725 733 734 726
f 726 734 735 727
f 727 735 736 728
f 728 736 729 721
f 729 737 738 730
f 730 738 739 731
f 731 739 740 732
f 732 740 741 733
f 733 741 742 734
f 734 742 743 735
f 735 743 744 736
f 736 744 737 729
f 737 745 746 738
f 738 746 747 739
f 739 747 748 740
f 740 748 749 741
f 741 749 750 742
f 742 750 751 743
f 743 751 752 744
f 744 752 745 737
f 745 753 754 746
f 746 754 755 747
f 747 755 756 748
f 748 756 757 749
f 749 757 758 750
f 750 758 759 751
f 751 759 760 752
f 752 760 753 745
f 753 761 762 754
f 754 762 763 755
f 755 763 764 756
f 756 764 765 757
f 757 765 766 758
f 758 766 767 759
f 759 767 768 760
f 760 768 761 753
f 761 769 770 762
f 762 770 771 763
f 763 771 772 764
f 764 772 773 765
f 765 773 774 766
f 766 774 775 767
f 767 775 776 768
f 768 776 769 761
f 769 777 778 770
f 770 778 779 771
f 771 779 780 772
f 772 780 781 773
f 773 781 782 774
f 774 782 783 775
f 775 783 784 776
f 776 784 777 769
f 777 785 786 778
f 778 786 787 779
f 779 787 788 780
f 780 788 789 781
f 781 789 790 782
f 782 790 791 783
f 783 791 792 784
f 784 792 785 777
f 785 793 794 786
f 786 794 795 787
f 787 795 796 788
f 788 796 797 789
f 789 797 798 790
f 790 798 799 791
f 791 799 800 792
f 792 800 793 785
f 793 801 802 794
f 794 802 803 795
f 795 803 804 796
f 796 804 805 797
f 797 805 806 798
f 798 806 807 799
f 799 807 808 800
f 800 808 801 793
f 801 809 810 802
f 802 810 811 803
f 803 811 812 804
f 804 812 813 805
f 805 813 814 806
f 806 814 815 807
f 807 815 816 808
f 808 816 809 801
f 809 817 818 810
f 810 818 819 811
f 811 819 820 812
f 812 820 821 813
f 813 821 822 814
f 814 822 823 815
f 815 823 824 816
f 816 824 817 809
f 817 825 826 818
f 818 826 827 819
f 819 827 828 820
f 820 828 829 821
f 821 829 830 822
f 822 830 831 823
f 823 831 832 824
f 824 832 825 817
f 825 833 834 826
f 826 834 835 827
f 827 835 836 828
f 828 836 837 829
f 829 837 838 830
f 830 838 839 831
f 831 839 840 832
f 832 840 833 825
f 833 841 842 834
f 834 842 843 835
f 835 843 844 836
f 836 844 845 837
f 837 845 846 838
f 838 846 847 839
f 839 847 848 840
f 840 848 841 833
f 841 849 850 842
f 842 850 851 843
f 843 851 852 844
f 844 852 853 845
f 845 853 854 846
f 846 854 855 847
f 847 855 856 848
f 848 856 849 841
f 849 857 858 850
f 850 858 859 851
f 851 859 860 852
f 852 860 861 853
f 853 861 862 854
f 854 862 863 855
f 855 863 864 856
f 856 864 857 849
f 857 865 866 858
f 858 866 867 859
f 859 867 868 860
f 860 868 869 861
f 861 869 870 862
f 862 870 871 863
f 863 871 872 864
f 864 872 865 857
f 865 873 874 866
f 866 874 875 867
f 867 875 876 868
f 868 876 877 869
f 869 877 878 870
f 870 878 879 871
f 871 879 880 872
f 872 880 873 865
f 873 881 882 874
f 874 882 883 875
f 875 883 884 876
f 876 884 885 877
f 877 885 886 878
f 878 886 887 879
f 879 887 888 880
f 880 888 881 873
f 881 889 890 882
f 882 890 891 883
f 883 891 892 884
f 884 892 893 885
f 885 893 894 886
f 886 894 895 887
f 887 895 896 888
f 888 896 889 881
f 889 897 898 890
f 890 898 899 891
f 891 899 900 892
f 892 900 901 893
f 893 901 902 894
f 894 902 903 895
f 895 903 904 896
f 896 904 897 889
f 897 905 906 898
f 898 906 907 899
f 899 907 908 900
f 900 908 909 901
f 901 909 910 902
f 902 910 911 903
f 903 911 912 904
f 904 912 905 897
f 905 913 914 906
f 906 914 915 907
f 907 915 916 908
f 908 916 917 909
f 909 917 918 910
f 910 918 919 911
f 911 919 920 912
f 912 920 913 905
f 913 921 922 914
f 914 922 923 915
f 915 923 924 916
f 916 924 925 917
f 917 925 926 918
f 918 926 927 919
f 919 927 928 920
f 920 928 921 913
f 921 929 930 922
f 922 930 931 923
f 923 931 932 924
f 924 932 933 925
f 925 933 934 926
f 926 934 935 927
f 927 935 936 928
f 928 936 929 921
f 929 937 938 930
f 930 938 939 931
f 931 939 940 932
f 932 940 941 933
f 933 941 942 934
f 934 942 943 935
f 935 943 944 936
f 936 944 937 929
f 937 945 946 938
f 938 946 947 939
f 939 947 948 940
f 940 948 949 941
f 941 949 950 942
f 942 950 951 943
f 943 951 952 944
f 944 952 945 937
f 945 953 954 946
f 946 954 955 947
f 947 955 956 948
f 948 956 957 949
f 949 957 958 950
f 950 958 959 951
f 951 959 960 952
f 952 960 953 945
f 953 961 962 954
f 954 962 963 955
f 955 963 964 956
f 956 964 965 957
f 957 965 966 958
f 958 966 967 959
f 959 967 968 960
f 960 968 961 953
f 961 969 970 962
f 962 970 971 963
f 963 971 972 964
f 964 972 973 965
f 965 973 974 966
f 966 974 975 967
f 967 975 976 968
f 968 976 969 961
f 969 977 978 970
f 970 978 979 971
f 971 979 980 972
f 972 980 981 973
f 973 981 982 974
f 974 982 983 975
f 975 983 984 976
f 976 984 977 969
f 977 985 986 978
f 978 986 987 979
f 979 987 988 980
f 980 988 989 981
f 981 989 990 982
f 982 990 991 983
f 983 991 992 984
f 984 992 985 977
f 985 993 994 986
f 986 994 995 987
f 987 995 996 988
f 988 996 997 989
f 989 997 998 990
f 990 998 999 991
f 991 999 1000 992
f 992 1000 993 985
f 993 1001 1002 994
f 994 1002 1003 995
f 995 1003 1004 996
f 996 1004 1005 997
f 997 1005 1006 998
f 998 1006 1007 999
f 999 1007 1008 1000
f 1000 1008 1001 993
f 1001 1009 1010 1002
f 1002 1010 1011 1003
f 1003 1011 1012 1004
f 1004 1012 1013 1005
f 1005 1013 1014 1006
f 1006 1014 1015 1007
f 1007 1015 1016 1008
f 1008 1016 1009 1001
f 1009 1017 1018 1010
f 1010 1018 1019 1011
f 1011 1019 1020 1012
f 1012 1020 1021 1013
f 1013 1021 1022 1014
f 1014 1022 1023 1015
f 1015 1023 1024 1016
f 1016 1024 1017 1009
f 1017 1025 1026 1018
f 1018 1026 1027 1019
f 1019 1027 1028 1020
f 1020 1028 1029 1021
f 1021 1029 1030 1022
f 1022 1030 1031 1023
f 1023 1031 1032 1024
f 1024 1032 1025 1017
f 1025 681 682 1026
f 1026 682 683 1027
f 1027 683 684 1028
f 1028 684 685 1029
f 1029 685 686 1030
f 1030 686 687 1031
f 1031 687 688 1032
f 1032 688 681 1025
o HaloVertical_B
usemtl CyanCrystal
s 1
f 1033 1041 1042 1034
f 1034 1042 1043 1035
f 1035 1043 1044 1036
f 1036 1044 1045 1037
f 1037 1045 1046 1038
f 1038 1046 1047 1039
f 1039 1047 1048 1040
f 1040 1048 1041 1033
f 1041 1049 1050 1042
f 1042 1050 1051 1043
f 1043 1051 1052 1044
f 1044 1052 1053 1045
f 1045 1053 1054 1046
f 1046 1054 1055 1047
f 1047 1055 1056 1048
f 1048 1056 1049 1041
f 1049 1057 1058 1050
f 1050 1058 1059 1051
f 1051 1059 1060 1052
f 1052 1060 1061 1053
f 1053 1061 1062 1054
f 1054 1062 1063 1055
f 1055 1063 1064 1056
f 1056 1064 1057 1049
f 1057 1065 1066 1058
f 1058 1066 1067 1059
f 1059 1067 1068 1060
f 1060 1068 1069 1061
f 1061 1069 1070 1062
f 1062 1070 1071 1063
f 1063 1071 1072 1064
f 1064 1072 1065 1057
f 1065 1073 1074 1066
f 1066 1074 1075 1067
f 1067 1075 1076 1068
f 1068 1076 1077 1069
f 1069 1077 1078 1070
f 1070 1078 1079 1071
f 1071 1079 1080 1072
f 1072 1080 1073 1065
f 1073 1081 1082 1074
f 1074 1082 1083 1075
f 1075 1083 1084 1076
f 1076 1084 1085 1077
f 1077 1085 1086 1078
f 1078 1086 1087 1079
f 1079 1087 1088 1080
f 1080 1088 1081 1073
f 1081 1089 1090 1082
f 1082 1090 1091 1083
f 1083 1091 1092 1084
f 1084 1092 1093 1085
f 1085 1093 1094 1086
f 1086 1094 1095 1087
f 1087 1095 1096 1088
f 1088 1096 1089 1081
f 1089 1097 1098 1090
f 1090 1098 1099 1091
f 1091 1099 1100 1092
f 1092 1100 1101 1093
f 1093 1101 1102 1094
f 1094 1102 1103 1095
f 1095 1103 1104 1096
f 1096 1104 1097 1089
f 1097 1105 1106 1098
f 1098 1106 1107 1099
f 1099 1107 1108 1100
f 1100 1108 1109 1101
f 1101 1109 1110 1102
f 1102 1110 1111 1103
f 1103 1111 1112 1104
f 1104 1112 1105 1097
f 1105 1113 1114 1106
f 1106 1114 1115 1107
f 1107 1115 1116 1108
f 1108 1116 1117 1109
f 1109 1117 1118 1110
f 1110 1118 1119 1111
f 1111 1119 1120 1112
f 1112 1120 1113 1105
f 1113 1121 1122 1114
f 1114 1122 1123 1115
f 1115 1123 1124 1116
f 1116 1124 1125 1117
f 1117 1125 1126 1118
f 1118 1126 1127 1119
f 1119 1127 1128 1120
f 1120 1128 1121 1113
f 1121 1129 1130 1122
f 1122 1130 1131 1123
f 1123 1131 1132 1124
f 1124 1132 1133 1125
f 1125 1133 1134 1126
f 1126 1134 1135 1127
f 1127 1135 1136 1128
f 1128 1136 1129 1121
f 1129 1137 1138 1130
f 1130 1138 1139 1131
f 1131 1139 1140 1132
f 1132 1140 1141 1133
f 1133 1141 1142 1134
f 1134 1142 1143 1135
f 1135 1143 1144 1136
f 1136 1144 1137 1129
f 1137 1145 1146 1138
f 1138 1146 1147 1139
f 1139 1147 1148 1140
f 1140 1148 1149 1141
f 1141 1149 1150 1142
f 1142 1150 1151 1143
f 1143 1151 1152 1144
f 1144 1152 1145 1137
f 1145 1153 1154 1146
f 1146 1154 1155 1147
f 1147 1155 1156 1148
f 1148 1156 1157 1149
f 1149 1157 1158 1150
f 1150 1158 1159 1151
f 1151 1159 1160 1152
f 1152 1160 1153 1145
f 1153 1161 1162 1154
f 1154 1162 1163 1155
f 1155 1163 1164 1156
f 1156 1164 1165 1157
f 1157 1165 1166 1158
f 1158 1166 1167 1159
f 1159 1167 1168 1160
f 1160 1168 1161 1153
f 1161 1169 1170 1162
f 1162 1170 1171 1163
f 1163 1171 1172 1164
f 1164 1172 1173 1165
f 1165 1173 1174 1166
f 1166 1174 1175 1167
f 1167 1175 1176 1168
f 1168 1176 1169 1161
f 1169 1177 1178 1170
f 1170 1178 1179 1171
f 1171 1179 1180 1172
f 1172 1180 1181 1173
f 1173 1181 1182 1174
f 1174 1182 1183 1175
f 1175 1183 1184 1176
f 1176 1184 1177 1169
f 1177 1185 1186 1178
f 1178 1186 1187 1179
f 1179 1187 1188 1180
f 1180 1188 1189 1181
f 1181 1189 1190 1182
f 1182 1190 1191 1183
f 1183 1191 1192 1184
f 1184 1192 1185 1177
f 1185 1193 1194 1186
f 1186 1194 1195 1187
f 1187 1195 1196 1188
f 1188 1196 1197 1189
f 1189 1197 1198 1190
f 1190 1198 1199 1191
f 1191 1199 1200 1192
f 1192 1200 1193 1185
f 1193 1201 1202 1194
f 1194 1202 1203 1195
f 1195 1203 1204 1196
f 1196 1204 1205 1197
f 1197 1205 1206 1198
f 1198 1206 1207 1199
f 1199 1207 1208 1200
f 1200 1208 1201 1193
f 1201 1209 1210 1202
f 1202 1210 1211 1203
f 1203 1211 1212 1204
f 1204 1212 1213 1205
f 1205 1213 1214 1206
f 1206 1214 1215 1207
f 1207 1215 1216 1208
f 1208 1216 1209 1201
f 1209 1217 1218 1210
f 1210 1218 1219 1211
f 1211 1219 1220 1212
f 1212 1220 1221 1213
f 1213 1221 1222 1214
f 1214 1222 1223 1215
f 1215 1223 1224 1216
f 1216 1224 1217 1209
f 1217 1225 1226 1218
f 1218 1226 1227 1219
f 1219 1227 1228 1220
f 1220 1228 1229 1221
f 1221 1229 1230 1222
f 1222 1230 1231 1223
f 1223 1231 1232 1224
f 1224 1232 1225 1217
f 1225 1233 1234 1226
f 1226 1234 1235 1227
f 1227 1235 1236 1228
f 1228 1236 1237 1229
f 1229 1237 1238 1230
f 1230 1238 1239 1231
f 1231 1239 1240 1232
f 1232 1240 1233 1225
f 1233 1241 1242 1234
f 1234 1242 1243 1235
f 1235 1243 1244 1236
f 1236 1244 1245 1237
f 1237 1245 1246 1238
f 1238 1246 1247 1239
f 1239 1247 1248 1240
f 1240 1248 1241 1233
f 1241 1249 1250 1242
f 1242 1250 1251 1243
f 1243 1251 1252 1244
f 1244 1252 1253 1245
f 1245 1253 1254 1246
f 1246 1254 1255 1247
f 1247 1255 1256 1248
f 1248 1256 1249 1241
f 1249 1257 1258 1250
f 1250 1258 1259 1251
f 1251 1259 1260 1252
f 1252 1260 1261 1253
f 1253 1261 1262 1254
f 1254 1262 1263 1255
f 1255 1263 1264 1256
f 1256 1264 1257 1249
f 1257 1265 1266 1258
f 1258 1266 1267 1259
f 1259 1267 1268 1260
f 1260 1268 1269 1261
f 1261 1269 1270 1262
f 1262 1270 1271 1263
f 1263 1271 1272 1264
f 1264 1272 1265 1257
f 1265 1273 1274 1266
f 1266 1274 1275 1267
f 1267 1275 1276 1268
f 1268 1276 1277 1269
f 1269 1277 1278 1270
f 1270 1278 1279 1271
f 1271 1279 1280 1272
f 1272 1280 1273 1265
f 1273 1281 1282 1274
f 1274 1282 1283 1275
f 1275 1283 1284 1276
f 1276 1284 1285 1277
f 1277 1285 1286 1278
f 1278 1286 1287 1279
f 1279 1287 1288 1280
f 1280 1288 1281 1273
f 1281 1289 1290 1282
f 1282 1290 1291 1283
f 1283 1291 1292 1284
f 1284 1292 1293 1285
f 1285 1293 1294 1286
f 1286 1294 1295 1287
f 1287 1295 1296 1288
f 1288 1296 1289 1281
f 1289 1297 1298 1290
f 1290 1298 1299 1291
f 1291 1299 1300 1292
f 1292 1300 1301 1293
f 1293 1301 1302 1294
f 1294 1302 1303 1295
f 1295 1303 1304 1296
f 1296 1304 1297 1289
f 1297 1305 1306 1298
f 1298 1306 1307 1299
f 1299 1307 1308 1300
f 1300 1308 1309 1301
f 1301 1309 1310 1302
f 1302 1310 1311 1303
f 1303 1311 1312 1304
f 1304 1312 1305 1297
f 1305 1313 1314 1306
f 1306 1314 1315 1307
f 1307 1315 1316 1308
f 1308 1316 1317 1309
f 1309 1317 1318 1310
f 1310 1318 1319 1311
f 1311 1319 1320 1312
f 1312 1320 1313 1305
f 1313 1321 1322 1314
f 1314 1322 1323 1315
f 1315 1323 1324 1316
f 1316 1324 1325 1317
f 1317 1325 1326 1318
f 1318 1326 1327 1319
f 1319 1327 1328 1320
f 1320 1328 1321 1313
f 1321 1329 1330 1322
f 1322 1330 1331 1323
f 1323 1331 1332 1324
f 1324 1332 1333 1325
f 1325 1333 1334 1326
f 1326 1334 1335 1327
f 1327 1335 1336 1328
f 1328 1336 1329 1321
f 1329 1337 1338 1330
f 1330 1338 1339 1331
f 1331 1339 1340 1332
f 1332 1340 1341 1333
f 1333 1341 1342 1334
f 1334 1342 1343 1335
f 1335 1343 1344 1336
f 1336 1344 1337 1329
f 1337 1345 1346 1338
f 1338 1346 1347 1339
f 1339 1347 1348 1340
f 1340 1348 1349 1341
f 1341 1349 1350 1342
f 1342 1350 1351 1343
f 1343 1351 1352 1344
f 1344 1352 1345 1337
f 1345 1033 1034 1346
f 1346 1034 1035 1347
f 1347 1035 1036 1348
f 1348 1036 1037 1349
f 1349 1037 1038 1350
f 1350 1038 1039 1351
f 1351 1039 1040 1352
f 1352 1040 1033 1345
o HaloCrown
usemtl HolyWhite
s 1
f 1353 1361 1362 1354
f 1354 1362 1363 1355
f 1355 1363 1364 1356
f 1356 1364 1365 1357
f 1357 1365 1366 1358
f 1358 1366 1367 1359
f 1359 1367 1368 1360
f 1360 1368 1361 1353
f 1361 1369 1370 1362
f 1362 1370 1371 1363
f 1363 1371 1372 1364
f 1364 1372 1373 1365
f 1365 1373 1374 1366
f 1366 1374 1375 1367
f 1367 1375 1376 1368
f 1368 1376 1369 1361
f 1369 1377 1378 1370
f 1370 1378 1379 1371
f 1371 1379 1380 1372
f 1372 1380 1381 1373
f 1373 1381 1382 1374
f 1374 1382 1383 1375
f 1375 1383 1384 1376
f 1376 1384 1377 1369
f 1377 1385 1386 1378
f 1378 1386 1387 1379
f 1379 1387 1388 1380
f 1380 1388 1389 1381
f 1381 1389 1390 1382
f 1382 1390 1391 1383
f 1383 1391 1392 1384
f 1384 1392 1385 1377
f 1385 1393 1394 1386
f 1386 1394 1395 1387
f 1387 1395 1396 1388
f 1388 1396 1397 1389
f 1389 1397 1398 1390
f 1390 1398 1399 1391
f 1391 1399 1400 1392
f 1392 1400 1393 1385
f 1393 1401 1402 1394
f 1394 1402 1403 1395
f 1395 1403 1404 1396
f 1396 1404 1405 1397
f 1397 1405 1406 1398
f 1398 1406 1407 1399
f 1399 1407 1408 1400
f 1400 1408 1401 1393
f 1401 1409 1410 1402
f 1402 1410 1411 1403
f 1403 1411 1412 1404
f 1404 1412 1413 1405
f 1405 1413 1414 1406
f 1406 1414 1415 1407
f 1407 1415 1416 1408
f 1408 1416 1409 1401
f 1409 1417 1418 1410
f 1410 1418 1419 1411
f 1411 1419 1420 1412
f 1412 1420 1421 1413
f 1413 1421 1422 1414
f 1414 1422 1423 1415
f 1415 1423 1424 1416
f 1416 1424 1417 1409
f 1417 1425 1426 1418
f 1418 1426 1427 1419
f 1419 1427 1428 1420
f 1420 1428 1429 1421
f 1421 1429 1430 1422
f 1422 1430 1431 1423
f 1423 1431 1432 1424
f 1424 1432 1425 1417
f 1425 1433 1434 1426
f 1426 1434 1435 1427
f 1427 1435 1436 1428
f 1428 1436 1437 1429
f 1429 1437 1438 1430
f 1430 1438 1439 1431
f 1431 1439 1440 1432
f 1432 1440 1433 1425
f 1433 1441 1442 1434
f 1434 1442 1443 1435
f 1435 1443 1444 1436
f 1436 1444 1445 1437
f 1437 1445 1446 1438
f 1438 1446 1447 1439
f 1439 1447 1448 1440
f 1440 1448 1441 1433
f 1441 1449 1450 1442
f 1442 1450 1451 1443
f 1443 1451 1452 1444
f 1444 1452 1453 1445
f 1445 1453 1454 1446
f 1446 1454 1455 1447
f 1447 1455 1456 1448
f 1448 1456 1449 1441
f 1449 1457 1458 1450
f 1450 1458 1459 1451
f 1451 1459 1460 1452
f 1452 1460 1461 1453
f 1453 1461 1462 1454
f 1454 1462 1463 1455
f 1455 1463 1464 1456
f 1456 1464 1457 1449
f 1457 1465 1466 1458
f 1458 1466 1467 1459
f 1459 1467 1468 1460
f 1460 1468 1469 1461
f 1461 1469 1470 1462
f 1462 1470 1471 1463
f 1463 1471 1472 1464
f 1464 1472 1465 1457
f 1465 1473 1474 1466
f 1466 1474 1475 1467
f 1467 1475 1476 1468
f 1468 1476 1477 1469
f 1469 1477 1478 1470
f 1470 1478 1479 1471
f 1471 1479 1480 1472
f 1472 1480 1473 1465
f 1473 1481 1482 1474
f 1474 1482 1483 1475
f 1475 1483 1484 1476
f 1476 1484 1485 1477
f 1477 1485 1486 1478
f 1478 1486 1487 1479
f 1479 1487 1488 1480
f 1480 1488 1481 1473
f 1481 1489 1490 1482
f 1482 1490 1491 1483
f 1483 1491 1492 1484
f 1484 1492 1493 1485
f 1485 1493 1494 1486
f 1486 1494 1495 1487
f 1487 1495 1496 1488
f 1488 1496 1489 1481
f 1489 1497 1498 1490
f 1490 1498 1499 1491
f 1491 1499 1500 1492
f 1492 1500 1501 1493
f 1493 1501 1502 1494
f 1494 1502 1503 1495
f 1495 1503 1504 1496
f 1496 1504 1497 1489
f 1497 1505 1506 1498
f 1498 1506 1507 1499
f 1499 1507 1508 1500
f 1500 1508 1509 1501
f 1501 1509 1510 1502
f 1502 1510 1511 1503
f 1503 1511 1512 1504
f 1504 1512 1505 1497
f 1505 1513 1514 1506
f 1506 1514 1515 1507
f 1507 1515 1516 1508
f 1508 1516 1517 1509
f 1509 1517 1518 1510
f 1510 1518 1519 1511
f 1511 1519 1520 1512
f 1512 1520 1513 1505
f 1513 1521 1522 1514
f 1514 1522 1523 1515
f 1515 1523 1524 1516
f 1516 1524 1525 1517
f 1517 1525 1526 1518
f 1518 1526 1527 1519
f 1519 1527 1528 1520
f 1520 1528 1521 1513
f 1521 1529 1530 1522
f 1522 1530 1531 1523
f 1523 1531 1532 1524
f 1524 1532 1533 1525
f 1525 1533 1534 1526
f 1526 1534 1535 1527
f 1527 1535 1536 1528
f 1528 1536 1529 1521
f 1529 1537 1538 1530
f 1530 1538 1539 1531
f 1531 1539 1540 1532
f 1532 1540 1541 1533
f 1533 1541 1542 1534
f 1534 1542 1543 1535
f 1535 1543 1544 1536
f 1536 1544 1537 1529
f 1537 1545 1546 1538
f 1538 1546 1547 1539
f 1539 1547 1548 1540
f 1540 1548 1549 1541
f 1541 1549 1550 1542
f 1542 1550 1551 1543
f 1543 1551 1552 1544
f 1544 1552 1545 1537
f 1545 1553 1554 1546
f 1546 1554 1555 1547
f 1547 1555 1556 1548
f 1548 1556 1557 1549
f 1549 1557 1558 1550
f 1550 1558 1559 1551
f 1551 1559 1560 1552
f 1552 1560 1553 1545
f 1553 1561 1562 1554
f 1554 1562 1563 1555
f 1555 1563 1564 1556
f 1556 1564 1565 1557
f 1557 1565 1566 1558
f 1558 1566 1567 1559
f 1559 1567 1568 1560
f 1560 1568 1561 1553
f 1561 1569 1570 1562
f 1562 1570 1571 1563
f 1563 1571 1572 1564
f 1564 1572 1573 1565
f 1565 1573 1574 1566
f 1566 1574 1575 1567
f 1567 1575 1576 1568
f 1568 1576 1569 1561
f 1569 1577 1578 1570
f 1570 1578 1579 1571
f 1571 1579 1580 1572
f 1572 1580 1581 1573
f 1573 1581 1582 1574
f 1574 1582 1583 1575
f 1575 1583 1584 1576
f 1576 1584 1577 1569
f 1577 1585 1586 1578
f 1578 1586 1587 1579
f 1579 1587 1588 1580
f 1580 1588 1589 1581
f 1581 1589 1590 1582
f 1582 1590 1591 1583
f 1583 1591 1592 1584
f 1584 1592 1585 1577
f 1585 1593 1594 1586
f 1586 1594 1595 1587
f 1587 1595 1596 1588
f 1588 1596 1597 1589
f 1589 1597 1598 1590
f 1590 1598 1599 1591
f 1591 1599 1600 1592
f 1592 1600 1593 1585
f 1593 1601 1602 1594
f 1594 1602 1603 1595
f 1595 1603 1604 1596
f 1596 1604 1605 1597
f 1597 1605 1606 1598
f 1598 1606 1607 1599
f 1599 1607 1608 1600
f 1600 1608 1601 1593
f 1601 1609 1610 1602
f 1602 1610 1611 1603
f 1603 1611 1612 1604
f 1604 1612 1613 1605
f 1605 1613 1614 1606
f 1606 1614 1615 1607
f 1607 1615 1616 1608
f 1608 1616 1609 1601
f 1609 1617 1618 1610
f 1610 1618 1619 1611
f 1611 1619 1620 1612
f 1612 1620 1621 1613
f 1613 1621 1622 1614
f 1614 1622 1623 1615
f 1615 1623 1624 1616
f 1616 1624 1617 1609
f 1617 1625 1626 1618
f 1618 1626 1627 1619
f 1619 1627 1628 1620
f 1620 1628 1629 1621
f 1621 1629 1630 1622
f 1622 1630 1631 1623
f 1623 1631 1632 1624
f 1624 1632 1625 1617
f 1625 1633 1634 1626
f 1626 1634 1635 1627
f 1627 1635 1636 1628
f 1628 1636 1637 1629
f 1629 1637 1638 1630
f 1630 1638 1639 1631
f 1631 1639 1640 1632
f 1632 1640 1633 1625
f 1633 1353 1354 1634
f 1634 1354 1355 1635
f 1635 1355 1356 1636
f 1636 1356 1357 1637
f 1637 1357 1358 1638
f 1638 1358 1359 1639
f 1639 1359 1360 1640
f 1640 1360 1353 1633
o RuneShard_1
usemtl CyanCrystal
s off
f 1641 1642 1647 1646
f 1642 1643 1648 1647
f 1643 1644 1649 1648
f 1644 1645 1650 1649
f 1645 1641 1646 1650
f 1646 1647 1652 1651
f 1647 1648 1653 1652
f 1648 1649 1654 1653
f 1649 1650 1655 1654
f 1650 1646 1651 1655
f 1651 1652 1656
f 1652 1653 1656
f 1653 1654 1656
f 1654 1655 1656
f 1655 1651 1656
f 1645 1644 1643 1642 1641
o RuneShard_2
usemtl AntiqueGold
s off
f 1657 1658 1663 1662
f 1658 1659 1664 1663
f 1659 1660 1665 1664
f 1660 1661 1666 1665
f 1661 1657 1662 1666
f 1662 1663 1668 1667
f 1663 1664 1669 1668
f 1664 1665 1670 1669
f 1665 1666 1671 1670
f 1666 1662 1667 1671
f 1667 1668 1672
f 1668 1669 1672
f 1669 1670 1672
f 1670 1671 1672
f 1671 1667 1672
f 1661 1660 1659 1658 1657
o RuneShard_3
usemtl CyanCrystal
s off
f 1673 1674 1679 1678
f 1674 1675 1680 1679
f 1675 1676 1681 1680
f 1676 1677 1682 1681
f 1677 1673 1678 1682
f 1678 1679 1684 1683
f 1679 1680 1685 1684
f 1680 1681 1686 1685
f 1681 1682 1687 1686
f 1682 1678 1683 1687
f 1683 1684 1688
f 1684 1685 1688
f 1685 1686 1688
f 1686 1687 1688
f 1687 1683 1688
f 1677 1676 1675 1674 1673
o RuneShard_4
usemtl AntiqueGold
s off
f 1689 1690 1695 1694
f 1690 1691 1696 1695
f 1691 1692 1697 1696
f 1692 1693 1698 1697
f 1693 1689 1694 1698
f 1694 1695 1700 1699
f 1695 1696 1701 1700
f 1696 1697 1702 1701
f 1697 1698 1703 1702
f 1698 1694 1699 1703
f 1699 1700 1704
f 1700 1701 1704
f 1701 1702 1704
f 1702 1703 1704
f 1703 1699 1704
f 1693 1692 1691 1690 1689
o RuneShard_5
usemtl CyanCrystal
s off
f 1705 1706 1711 1710
f 1706 1707 1712 1711
f 1707 1708 1713 1712
f 1708 1709 1714 1713
f 1709 1705 1710 1714
f 1710 1711 1716 1715
f 1711 1712 1717 1716
f 1712 1713 1718 1717
f 1713 1714 1719 1718
f 1714 1710 1715 1719
f 1715 1716 1720
f 1716 1717 1720
f 1717 1718 1720
f 1718 1719 1720
f 1719 1715 1720
f 1709 1708 1707 1706 1705
o RuneShard_6
usemtl AntiqueGold
s off
f 1721 1722 1727 1726
f 1722 1723 1728 1727
f 1723 1724 1729 1728
f 1724 1725 1730 1729
f 1725 1721 1726 1730
f 1726 1727 1732 1731
f 1727 1728 1733 1732
f 1728 1729 1734 1733
f 1729 1730 1735 1734
f 1730 1726 1731 1735
f 1731 1732 1736
f 1732 1733 1736
f 1733 1734 1736
f 1734 1735 1736
f 1735 1731 1736
f 1725 1724 1723 1722 1721
o RuneShard_7
usemtl CyanCrystal
s off
f 1737 1738 1743 1742
f 1738 1739 1744 1743
f 1739 1740 1745 1744
f 1740 1741 1746 1745
f 1741 1737 1742 1746
f 1742 1743 1748 1747
f 1743 1744 1749 1748
f 1744 1745 1750 1749
f 1745 1746 1751 1750
f 1746 1742 1747 1751
f 1747 1748 1752
f 1748 1749 1752
f 1749 1750 1752
f 1750 1751 1752
f 1751 1747 1752
f 1741 1740 1739 1738 1737
o RuneShard_8
usemtl AntiqueGold
s off
f 1753 1754 1759 1758
f 1754 1755 1760 1759
f 1755 1756 1761 1760
f 1756 1757 1762 1761
f 1757 1753 1758 1762
f 1758 1759 1764 1763
f 1759 1760 1765 1764
f 1760 1761 1766 1765
f 1761 1762 1767 1766
f 1762 1758 1763 1767
f 1763 1764 1768
f 1764 1765 1768
f 1765 1766 1768
f 1766 1767 1768
f 1767 1763 1768
f 1757 1756 1755 1754 1753
o RuneShard_9
usemtl CyanCrystal
s off
f 1769 1770 1775 1774
f 1770 1771 1776 1775
f 1771 1772 1777 1776
f 1772 1773 1778 1777
f 1773 1769 1774 1778
f 1774 1775 1780 1779
f 1775 1776 1781 1780
f 1776 1777 1782 1781
f 1777 1778 1783 1782
f 1778 1774 1779 1783
f 1779 1780 1784
f 1780 1781 1784
f 1781 1782 1784
f 1782 1783 1784
f 1783 1779 1784
f 1773 1772 1771 1770 1769
o RuneShard_10
usemtl AntiqueGold
s off
f 1785 1786 1791 1790
f 1786 1787 1792 1791
f 1787 1788 1793 1792
f 1788 1789 1794 1793
f 1789 1785 1790 1794
f 1790 1791 1796 1795
f 1791 1792 1797 1796
f 1792 1793 1798 1797
f 1793 1794 1799 1798
f 1794 1790 1795 1799
f 1795 1796 1800
f 1796 1797 1800
f 1797 1798 1800
f 1798 1799 1800
f 1799 1795 1800
f 1789 1788 1787 1786 1785
o HolyBeamOuter
usemtl HolyBeam
s 1
f 1801 1802 1830 1829
f 1857 1802 1801
f 1858 1829 1830
f 1802 1803 1831 1830
f 1857 1803 1802
f 1858 1830 1831
f 1803 1804 1832 1831
f 1857 1804 1803
f 1858 1831 1832
f 1804 1805 1833 1832
f 1857 1805 1804
f 1858 1832 1833
f 1805 1806 1834 1833
f 1857 1806 1805
f 1858 1833 1834
f 1806 1807 1835 1834
f 1857 1807 1806
f 1858 1834 1835
f 1807 1808 1836 1835
f 1857 1808 1807
f 1858 1835 1836
f 1808 1809 1837 1836
f 1857 1809 1808
f 1858 1836 1837
f 1809 1810 1838 1837
f 1857 1810 1809
f 1858 1837 1838
f 1810 1811 1839 1838
f 1857 1811 1810
f 1858 1838 1839
f 1811 1812 1840 1839
f 1857 1812 1811
f 1858 1839 1840
f 1812 1813 1841 1840
f 1857 1813 1812
f 1858 1840 1841
f 1813 1814 1842 1841
f 1857 1814 1813
f 1858 1841 1842
f 1814 1815 1843 1842
f 1857 1815 1814
f 1858 1842 1843
f 1815 1816 1844 1843
f 1857 1816 1815
f 1858 1843 1844
f 1816 1817 1845 1844
f 1857 1817 1816
f 1858 1844 1845
f 1817 1818 1846 1845
f 1857 1818 1817
f 1858 1845 1846
f 1818 1819 1847 1846
f 1857 1819 1818
f 1858 1846 1847
f 1819 1820 1848 1847
f 1857 1820 1819
f 1858 1847 1848
f 1820 1821 1849 1848
f 1857 1821 1820
f 1858 1848 1849
f 1821 1822 1850 1849
f 1857 1822 1821
f 1858 1849 1850
f 1822 1823 1851 1850
f 1857 1823 1822
f 1858 1850 1851
f 1823 1824 1852 1851
f 1857 1824 1823
f 1858 1851 1852
f 1824 1825 1853 1852
f 1857 1825 1824
f 1858 1852 1853
f 1825 1826 1854 1853
f 1857 1826 1825
f 1858 1853 1854
f 1826 1827 1855 1854
f 1857 1827 1826
f 1858 1854 1855
f 1827 1828 1856 1855
f 1857 1828 1827
f 1858 1855 1856
f 1828 1801 1829 1856
f 1857 1801 1828
f 1858 1856 1829
o HolyBeamInner
usemtl HolyWhite
s 1
f 1859 1860 1884 1883
f 1907 1860 1859
f 1908 1883 1884
f 1860 1861 1885 1884
f 1907 1861 1860
f 1908 1884 1885
f 1861 1862 1886 1885
f 1907 1862 1861
f 1908 1885 1886
f 1862 1863 1887 1886
f 1907 1863 1862
f 1908 1886 1887
f 1863 1864 1888 1887
f 1907 1864 1863
f 1908 1887 1888
f 1864 1865 1889 1888
f 1907 1865 1864
f 1908 1888 1889
f 1865 1866 1890 1889
f 1907 1866 1865
f 1908 1889 1890
f 1866 1867 1891 1890
f 1907 1867 1866
f 1908 1890 1891
f 1867 1868 1892 1891
f 1907 1868 1867
f 1908 1891 1892
f 1868 1869 1893 1892
f 1907 1869 1868
f 1908 1892 1893
f 1869 1870 1894 1893
f 1907 1870 1869
f 1908 1893 1894
f 1870 1871 1895 1894
f 1907 1871 1870
f 1908 1894 1895
f 1871 1872 1896 1895
f 1907 1872 1871
f 1908 1895 1896
f 1872 1873 1897 1896
f 1907 1873 1872
f 1908 1896 1897
f 1873 1874 1898 1897
f 1907 1874 1873
f 1908 1897 1898
f 1874 1875 1899 1898
f 1907 1875 1874
f 1908 1898 1899
f 1875 1876 1900 1899
f 1907 1876 1875
f 1908 1899 1900
f 1876 1877 1901 1900
f 1907 1877 1876
f 1908 1900 1901
f 1877 1878 1902 1901
f 1907 1878 1877
f 1908 1901 1902
f 1878 1879 1903 1902
f 1907 1879 1878
f 1908 1902 1903
f 1879 1880 1904 1903
f 1907 1880 1879
f 1908 1903 1904
f 1880 1881 1905 1904
f 1907 1881 1880
f 1908 1904 1905
f 1881 1882 1906 1905
f 1907 1882 1881
f 1908 1905 1906
f 1882 1859 1883 1906
f 1907 1859 1882
f 1908 1906 1883
o GroundRay_1
usemtl AntiqueGold
s off
f 1909 1912 1911 1910
f 1913 1914 1915 1916
f 1909 1910 1914 1913
f 1910 1911 1915 1914
f 1911 1912 1916 1915
f 1912 1909 1913 1916
o GroundRay_2
usemtl AntiqueGold
s off
f 1917 1920 1919 1918
f 1921 1922 1923 1924
f 1917 1918 1922 1921
f 1918 1919 1923 1922
f 1919 1920 1924 1923
f 1920 1917 1921 1924
o GroundRay_3
usemtl AntiqueGold
s off
f 1925 1928 1927 1926
f 1929 1930 1931 1932
f 1925 1926 1930 1929
f 1926 1927 1931 1930
f 1927 1928 1932 1931
f 1928 1925 1929 1932
o GroundRay_4
usemtl AntiqueGold
s off
f 1933 1936 1935 1934
f 1937 1938 1939 1940
f 1933 1934 1938 1937
f 1934 1935 1939 1938
f 1935 1936 1940 1939
f 1936 1933 1937 1940
o GroundRay_5
usemtl AntiqueGold
s off
f 1941 1944 1943 1942
f 1945 1946 1947 1948
f 1941 1942 1946 1945
f 1942 1943 1947 1946
f 1943 1944 1948 1947
f 1944 1941 1945 1948
o GroundRay_6
usemtl AntiqueGold
s off
f 1949 1952 1951 1950
f 1953 1954 1955 1956
f 1949 1950 1954 1953
f 1950 1951 1955 1954
f 1951 1952 1956 1955
f 1952 1949 1953 1956
o GroundRay_7
usemtl AntiqueGold
s off
f 1957 1960 1959 1958
f 1961 1962 1963 1964
f 1957 1958 1962 1961
f 1958 1959 1963 1962
f 1959 1960 1964 1963
f 1960 1957 1961 1964
o GroundRay_8
usemtl AntiqueGold
s off
f 1965 1968 1967 1966
f 1969 1970 1971 1972
f 1965 1966 1970 1969
f 1966 1967 1971 1970
f 1967 1968 1972 1971
f 1968 1965 1969 1972
o GroundRay_9
usemtl AntiqueGold
s off
f 1973 1976 1975 1974
f 1977 1978 1979 1980
f 1973 1974 1978 1977
f 1974 1975 1979 1978
f 1975 1976 1980 1979
f 1976 1973 1977 1980
o GroundRay_10
usemtl AntiqueGold
s off
f 1981 1984 1983 1982
f 1985 1986 1987 1988
f 1981 1982 1986 1985
f 1982 1983 1987 1986
f 1983 1984 1988 1987
f 1984 1981 1985 1988
o GroundRay_11
usemtl AntiqueGold
s off
f 1989 1992 1991 1990
f 1993 1994 1995 1996
f 1989 1990 1994 1993
f 1990 1991 1995 1994
f 1991 1992 1996 1995
f 1992 1989 1993 1996
o GroundRay_12
usemtl AntiqueGold
s off
f 1997 2000 1999 1998
f 2001 2002 2003 2004
f 1997 1998 2002 2001
f 1998 1999 2003 2002
f 1999 2000 2004 2003
f 2000 1997 2001 2004
o CrownCrystal
usemtl HolyWhite
s off
f 2005 2006 2013 2012
f 2006 2007 2014 2013
f 2007 2008 2015 2014
f 2008 2009 2016 2015
f 2009 2010 2017 2016
f 2010 2011 2018 2017
f 2011 2005 2012 2018
f 2012 2013 2020 2019
f 2013 2014 2021 2020
f 2014 2015 2022 2021
f 2015 2016 2023 2022
f 2016 2017 2024 2023
f 2017 2018 2025 2024
f 2018 2012 2019 2025
f 2019 2020 2026
f 2020 2021 2026
f 2021 2022 2026
f 2022 2023 2026
f 2023 2024 2026
f 2024 2025 2026
f 2025 2019 2026
f 2011 2010 2009 2008 2007 2006 2005
